file,U,D,date
limit_list_2018-01-02.csv,5,3,2018-01-02
limit_list_2018-01-03.csv,17,3,2018-01-03
limit_list_2018-01-04.csv,17,3,2018-01-04
limit_list_2018-01-05.csv,18,2,2018-01-05
limit_list_2018-01-08.csv,15,2,2018-01-08
limit_list_2018-01-09.csv,12,1,2018-01-09
limit_list_2018-01-10.csv,13,2,2018-01-10
limit_list_2018-01-11.csv,18,5,2018-01-11
limit_list_2018-01-12.csv,15,2,2018-01-12
limit_list_2018-01-15.csv,10,18,2018-01-15
limit_list_2018-01-16.csv,12,5,2018-01-16
limit_list_2018-01-17.csv,17,17,2018-01-17
limit_list_2018-01-18.csv,13,9,2018-01-18
limit_list_2018-01-19.csv,12,8,2018-01-19
limit_list_2018-01-22.csv,15,12,2018-01-22
limit_list_2018-01-23.csv,11,6,2018-01-23
limit_list_2018-01-24.csv,12,5,2018-01-24
limit_list_2018-01-25.csv,7,6,2018-01-25
limit_list_2018-01-26.csv,9,3,2018-01-26
limit_list_2018-01-29.csv,11,13,2018-01-29
limit_list_2018-01-30.csv,9,9,2018-01-30
limit_list_2018-01-31.csv,13,71,2018-01-31
limit_list_2018-02-01.csv,6,140,2018-02-01
limit_list_2018-02-02.csv,5,84,2018-02-02
limit_list_2018-02-05.csv,12,26,2018-02-05
limit_list_2018-02-06.csv,6,159,2018-02-06
limit_list_2018-02-07.csv,19,32,2018-02-07
limit_list_2018-02-08.csv,26,15,2018-02-08
limit_list_2018-02-09.csv,7,69,2018-02-09
limit_list_2018-02-12.csv,31,15,2018-02-12
limit_list_2018-02-13.csv,20,15,2018-02-13
limit_list_2018-02-14.csv,11,12,2018-02-14
limit_list_2018-02-22.csv,24,9,2018-02-22
limit_list_2018-02-23.csv,31,7,2018-02-23
limit_list_2018-02-26.csv,36,4,2018-02-26
limit_list_2018-02-27.csv,29,6,2018-02-27
limit_list_2018-02-28.csv,12,8,2018-02-28
limit_list_2018-03-01.csv,22,3,2018-03-01
limit_list_2018-03-02.csv,12,4,2018-03-02
limit_list_2018-03-05.csv,20,5,2018-03-05
limit_list_2018-03-06.csv,26,0,2018-03-06
limit_list_2018-03-07.csv,20,3,2018-03-07
limit_list_2018-03-08.csv,25,0,2018-03-08
limit_list_2018-03-09.csv,22,1,2018-03-09
limit_list_2018-03-12.csv,32,1,2018-03-12
limit_list_2018-03-13.csv,21,1,2018-03-13
limit_list_2018-03-14.csv,9,2,2018-03-14
limit_list_2018-03-15.csv,11,18,2018-03-15
limit_list_2018-03-16.csv,20,4,2018-03-16
limit_list_2018-03-19.csv,10,5,2018-03-19
limit_list_2018-03-20.csv,23,3,2018-03-20
limit_list_2018-03-21.csv,26,0,2018-03-21
limit_list_2018-03-22.csv,21,1,2018-03-22
limit_list_2018-03-23.csv,28,200,2018-03-23
limit_list_2018-03-26.csv,26,43,2018-03-26
limit_list_2018-03-27.csv,40,1,2018-03-27
limit_list_2018-03-28.csv,19,8,2018-03-28
limit_list_2018-03-29.csv,17,1,2018-03-29
limit_list_2018-03-30.csv,22,1,2018-03-30
limit_list_2018-04-02.csv,33,2,2018-04-02
limit_list_2018-04-03.csv,23,4,2018-04-03
limit_list_2018-04-04.csv,30,5,2018-04-04
limit_list_2018-04-09.csv,30,7,2018-04-09
limit_list_2018-04-10.csv,21,17,2018-04-10
limit_list_2018-04-11.csv,22,5,2018-04-11
limit_list_2018-04-12.csv,19,4,2018-04-12
limit_list_2018-04-13.csv,11,7,2018-04-13
limit_list_2018-04-16.csv,21,13,2018-04-16
limit_list_2018-04-17.csv,12,12,2018-04-17
limit_list_2018-04-18.csv,18,18,2018-04-18
limit_list_2018-04-19.csv,21,4,2018-04-19
limit_list_2018-04-20.csv,12,16,2018-04-20
limit_list_2018-04-23.csv,8,23,2018-04-23
limit_list_2018-04-24.csv,20,4,2018-04-24
limit_list_2018-04-25.csv,16,1,2018-04-25
limit_list_2018-04-26.csv,17,14,2018-04-26
limit_list_2018-04-27.csv,16,14,2018-04-27
limit_list_2018-05-02.csv,11,26,2018-05-02
limit_list_2018-05-03.csv,25,15,2018-05-03
limit_list_2018-05-04.csv,18,4,2018-05-04
limit_list_2018-05-07.csv,22,7,2018-05-07
limit_list_2018-05-08.csv,33,2,2018-05-08
limit_list_2018-05-09.csv,22,5,2018-05-09
limit_list_2018-05-10.csv,23,4,2018-05-10
limit_list_2018-05-11.csv,16,2,2018-05-11
limit_list_2018-05-14.csv,8,7,2018-05-14
limit_list_2018-05-15.csv,14,7,2018-05-15
limit_list_2018-05-16.csv,15,4,2018-05-16
limit_list_2018-05-17.csv,12,7,2018-05-17
limit_list_2018-05-18.csv,12,3,2018-05-18
limit_list_2018-05-21.csv,18,6,2018-05-21
limit_list_2018-05-22.csv,24,5,2018-05-22
limit_list_2018-05-23.csv,17,6,2018-05-23
limit_list_2018-05-24.csv,12,1,2018-05-24
limit_list_2018-05-25.csv,16,4,2018-05-25
limit_list_2018-05-28.csv,16,28,2018-05-28
limit_list_2018-05-29.csv,16,14,2018-05-29
limit_list_2018-05-30.csv,8,94,2018-05-30
limit_list_2018-05-31.csv,23,11,2018-05-31
limit_list_2018-06-01.csv,14,22,2018-06-01
limit_list_2018-06-04.csv,14,22,2018-06-04
limit_list_2018-06-05.csv,16,11,2018-06-05
limit_list_2018-06-06.csv,18,7,2018-06-06
limit_list_2018-06-07.csv,10,5,2018-06-07
limit_list_2018-06-08.csv,11,6,2018-06-08
limit_list_2018-06-11.csv,12,9,2018-06-11
limit_list_2018-06-12.csv,11,11,2018-06-12
limit_list_2018-06-13.csv,12,17,2018-06-13
limit_list_2018-06-14.csv,18,25,2018-06-14
limit_list_2018-06-15.csv,9,59,2018-06-15
limit_list_2018-06-19.csv,10,569,2018-06-19
limit_list_2018-06-20.csv,25,57,2018-06-20
limit_list_2018-06-21.csv,26,65,2018-06-21
limit_list_2018-06-22.csv,23,34,2018-06-22
limit_list_2018-06-25.csv,18,15,2018-06-25
limit_list_2018-06-26.csv,27,14,2018-06-26
limit_list_2018-06-27.csv,28,14,2018-06-27
limit_list_2018-06-28.csv,17,18,2018-06-28
limit_list_2018-06-29.csv,49,10,2018-06-29
limit_list_2018-07-02.csv,36,10,2018-07-02
limit_list_2018-07-03.csv,30,13,2018-07-03
limit_list_2018-07-04.csv,14,27,2018-07-04
limit_list_2018-07-05.csv,9,36,2018-07-05
limit_list_2018-07-06.csv,28,24,2018-07-06
limit_list_2018-07-09.csv,16,11,2018-07-09
limit_list_2018-07-10.csv,27,6,2018-07-10
limit_list_2018-07-11.csv,15,34,2018-07-11
limit_list_2018-07-12.csv,33,6,2018-07-12
limit_list_2018-07-13.csv,24,10,2018-07-13
limit_list_2018-07-16.csv,26,23,2018-07-16
limit_list_2018-07-17.csv,28,10,2018-07-17
limit_list_2018-07-18.csv,34,10,2018-07-18
limit_list_2018-07-19.csv,18,11,2018-07-19
limit_list_2018-07-20.csv,30,3,2018-07-20
limit_list_2018-07-23.csv,20,16,2018-07-23
limit_list_2018-07-24.csv,33,0,2018-07-24
limit_list_2018-07-25.csv,35,1,2018-07-25
limit_list_2018-07-26.csv,55,3,2018-07-26
limit_list_2018-07-27.csv,32,10,2018-07-27
limit_list_2018-07-30.csv,21,33,2018-07-30
limit_list_2018-07-31.csv,25,12,2018-07-31
limit_list_2018-08-01.csv,17,6,2018-08-01
limit_list_2018-08-02.csv,14,46,2018-08-02
limit_list_2018-08-03.csv,21,21,2018-08-03
limit_list_2018-08-06.csv,16,38,2018-08-06
limit_list_2018-08-07.csv,24,12,2018-08-07
limit_list_2018-08-08.csv,21,20,2018-08-08
limit_list_2018-08-09.csv,30,6,2018-08-09
limit_list_2018-08-10.csv,23,5,2018-08-10
limit_list_2018-08-13.csv,24,4,2018-08-13
limit_list_2018-08-14.csv,18,6,2018-08-14
limit_list_2018-08-15.csv,17,7,2018-08-15
limit_list_2018-08-16.csv,17,16,2018-08-16
limit_list_2018-08-17.csv,10,14,2018-08-17
limit_list_2018-08-20.csv,15,17,2018-08-20
limit_list_2018-08-21.csv,21,7,2018-08-21
limit_list_2018-08-22.csv,14,13,2018-08-22
limit_list_2018-08-23.csv,13,7,2018-08-23
limit_list_2018-08-24.csv,10,5,2018-08-24
limit_list_2018-08-27.csv,19,6,2018-08-27
limit_list_2018-08-28.csv,20,5,2018-08-28
limit_list_2018-08-29.csv,13,2,2018-08-29
limit_list_2018-08-30.csv,7,7,2018-08-30
limit_list_2018-08-31.csv,10,12,2018-08-31
limit_list_2018-09-03.csv,17,16,2018-09-03
limit_list_2018-09-04.csv,23,4,2018-09-04
limit_list_2018-09-05.csv,23,5,2018-09-05
limit_list_2018-09-06.csv,20,3,2018-09-06
limit_list_2018-09-07.csv,24,3,2018-09-07
limit_list_2018-09-10.csv,20,14,2018-09-10
limit_list_2018-09-11.csv,17,14,2018-09-11
limit_list_2018-09-12.csv,22,5,2018-09-12
limit_list_2018-09-13.csv,15,7,2018-09-13
limit_list_2018-09-14.csv,14,13,2018-09-14
limit_list_2018-09-17.csv,13,22,2018-09-17
limit_list_2018-09-18.csv,26,9,2018-09-18
limit_list_2018-09-19.csv,31,7,2018-09-19
limit_list_2018-09-20.csv,24,4,2018-09-20
limit_list_2018-09-21.csv,25,5,2018-09-21
limit_list_2018-09-25.csv,14,6,2018-09-25
limit_list_2018-09-26.csv,20,6,2018-09-26
limit_list_2018-09-27.csv,14,12,2018-09-27
limit_list_2018-09-28.csv,17,11,2018-09-28
limit_list_2018-10-08.csv,13,33,2018-10-08
limit_list_2018-10-09.csv,18,6,2018-10-09
limit_list_2018-10-10.csv,22,9,2018-10-10
limit_list_2018-10-11.csv,17,590,2018-10-11
limit_list_2018-10-12.csv,17,102,2018-10-12
limit_list_2018-10-15.csv,30,24,2018-10-15
limit_list_2018-10-16.csv,21,32,2018-10-16
limit_list_2018-10-17.csv,28,28,2018-10-17
limit_list_2018-10-18.csv,19,84,2018-10-18
limit_list_2018-10-19.csv,24,27,2018-10-19
limit_list_2018-10-22.csv,105,3,2018-10-22
limit_list_2018-10-23.csv,43,5,2018-10-23
limit_list_2018-10-24.csv,33,4,2018-10-24
limit_list_2018-10-25.csv,16,19,2018-10-25
limit_list_2018-10-26.csv,31,5,2018-10-26
limit_list_2018-10-29.csv,14,20,2018-10-29
limit_list_2018-10-30.csv,41,12,2018-10-30
limit_list_2018-10-31.csv,37,4,2018-10-31
limit_list_2018-11-01.csv,44,4,2018-11-01
limit_list_2018-11-02.csv,35,4,2018-11-02
limit_list_2018-11-05.csv,46,5,2018-11-05
limit_list_2018-11-06.csv,34,12,2018-11-06
limit_list_2018-11-07.csv,36,5,2018-11-07
limit_list_2018-11-08.csv,41,6,2018-11-08
limit_list_2018-11-09.csv,38,6,2018-11-09
limit_list_2018-11-12.csv,74,3,2018-11-12
limit_list_2018-11-13.csv,82,2,2018-11-13
limit_list_2018-11-14.csv,56,5,2018-11-14
limit_list_2018-11-15.csv,41,3,2018-11-15
limit_list_2018-11-16.csv,51,3,2018-11-16
limit_list_2018-11-19.csv,42,10,2018-11-19
limit_list_2018-11-20.csv,29,18,2018-11-20
limit_list_2018-11-21.csv,31,5,2018-11-21
limit_list_2018-11-22.csv,33,5,2018-11-22
limit_list_2018-11-23.csv,12,52,2018-11-23
limit_list_2018-11-26.csv,22,18,2018-11-26
limit_list_2018-11-27.csv,27,4,2018-11-27
limit_list_2018-11-28.csv,23,11,2018-11-28
limit_list_2018-11-29.csv,20,12,2018-11-29
limit_list_2018-11-30.csv,17,12,2018-11-30
limit_list_2018-12-03.csv,45,1,2018-12-03
limit_list_2018-12-04.csv,28,1,2018-12-04
limit_list_2018-12-05.csv,24,11,2018-12-05
limit_list_2018-12-06.csv,16,15,2018-12-06
limit_list_2018-12-07.csv,11,6,2018-12-07
limit_list_2018-12-10.csv,14,12,2018-12-10
limit_list_2018-12-11.csv,20,5,2018-12-11
limit_list_2018-12-12.csv,14,3,2018-12-12
limit_list_2018-12-13.csv,13,5,2018-12-13
limit_list_2018-12-14.csv,13,8,2018-12-14
limit_list_2018-12-17.csv,19,6,2018-12-17
limit_list_2018-12-18.csv,9,6,2018-12-18
limit_list_2018-12-19.csv,11,2,2018-12-19
limit_list_2018-12-20.csv,16,9,2018-12-20
limit_list_2018-12-21.csv,9,10,2018-12-21
limit_list_2018-12-24.csv,6,4,2018-12-24
limit_list_2018-12-25.csv,18,24,2018-12-25
limit_list_2018-12-26.csv,23,5,2018-12-26
limit_list_2018-12-27.csv,15,15,2018-12-27
limit_list_2018-12-28.csv,14,5,2018-12-28
limit_list_2019-01-02.csv,20,5,2019-01-02
limit_list_2019-01-03.csv,22,16,2019-01-03
limit_list_2019-01-04.csv,46,5,2019-01-04
limit_list_2019-01-07.csv,40,1,2019-01-07
limit_list_2019-01-08.csv,36,5,2019-01-08
limit_list_2019-01-09.csv,43,2,2019-01-09
limit_list_2019-01-10.csv,28,3,2019-01-10
limit_list_2019-01-11.csv,37,6,2019-01-11
limit_list_2019-01-14.csv,19,10,2019-01-14
limit_list_2019-01-15.csv,16,10,2019-01-15
limit_list_2019-01-16.csv,24,3,2019-01-16
limit_list_2019-01-17.csv,23,7,2019-01-17
limit_list_2019-01-18.csv,18,5,2019-01-18
limit_list_2019-01-21.csv,26,3,2019-01-21
limit_list_2019-01-22.csv,14,4,2019-01-22
limit_list_2019-01-23.csv,20,3,2019-01-23
limit_list_2019-01-24.csv,22,3,2019-01-24
limit_list_2019-01-25.csv,16,18,2019-01-25
limit_list_2019-01-28.csv,19,32,2019-01-28
limit_list_2019-01-29.csv,5,79,2019-01-29
limit_list_2019-01-30.csv,9,56,2019-01-30
limit_list_2019-01-31.csv,17,114,2019-01-31
limit_list_2019-02-01.csv,36,13,2019-02-01
limit_list_2019-02-11.csv,41,4,2019-02-11
limit_list_2019-02-12.csv,44,0,2019-02-12
limit_list_2019-02-13.csv,44,1,2019-02-13
limit_list_2019-02-14.csv,36,0,2019-02-14
limit_list_2019-02-15.csv,35,1,2019-02-15
limit_list_2019-02-18.csv,49,0,2019-02-18
limit_list_2019-02-19.csv,58,1,2019-02-19
limit_list_2019-02-20.csv,38,1,2019-02-20
limit_list_2019-02-21.csv,33,4,2019-02-21
limit_list_2019-02-22.csv,59,3,2019-02-22
limit_list_2019-02-25.csv,138,0,2019-02-25
limit_list_2019-02-26.csv,76,4,2019-02-26
limit_list_2019-02-27.csv,53,16,2019-02-27
limit_list_2019-02-28.csv,36,19,2019-02-28
limit_list_2019-03-01.csv,28,6,2019-03-01
limit_list_2019-03-04.csv,77,1,2019-03-04
limit_list_2019-03-05.csv,94,0,2019-03-05
limit_list_2019-03-06.csv,101,1,2019-03-06
limit_list_2019-03-07.csv,100,2,2019-03-07
limit_list_2019-03-08.csv,45,144,2019-03-08
limit_list_2019-03-11.csv,101,16,2019-03-11
limit_list_2019-03-12.csv,85,1,2019-03-12
limit_list_2019-03-13.csv,46,31,2019-03-13
limit_list_2019-03-14.csv,18,88,2019-03-14
limit_list_2019-03-15.csv,55,2,2019-03-15
limit_list_2019-03-18.csv,35,12,2019-03-18
limit_list_2019-03-19.csv,41,1,2019-03-19
limit_list_2019-03-20.csv,38,6,2019-03-20
limit_list_2019-03-21.csv,61,2,2019-03-21
limit_list_2019-03-22.csv,38,2,2019-03-22
limit_list_2019-03-25.csv,49,7,2019-03-25
limit_list_2019-03-26.csv,26,23,2019-03-26
limit_list_2019-03-27.csv,45,12,2019-03-27
limit_list_2019-03-28.csv,30,18,2019-03-28
limit_list_2019-03-29.csv,32,18,2019-03-29
limit_list_2019-04-01.csv,77,3,2019-04-01
limit_list_2019-04-02.csv,57,3,2019-04-02
limit_list_2019-04-03.csv,62,2,2019-04-03
limit_list_2019-04-04.csv,50,2,2019-04-04
limit_list_2019-04-08.csv,50,5,2019-04-08
limit_list_2019-04-09.csv,41,9,2019-04-09
limit_list_2019-04-10.csv,52,8,2019-04-10
limit_list_2019-04-11.csv,43,15,2019-04-11
limit_list_2019-04-12.csv,33,20,2019-04-12
limit_list_2019-04-15.csv,28,7,2019-04-15
limit_list_2019-04-16.csv,44,6,2019-04-16
limit_list_2019-04-17.csv,52,0,2019-04-17
limit_list_2019-04-18.csv,38,7,2019-04-18
limit_list_2019-04-19.csv,41,3,2019-04-19
limit_list_2019-04-22.csv,33,13,2019-04-22
limit_list_2019-04-23.csv,24,47,2019-04-23
limit_list_2019-04-24.csv,44,11,2019-04-24
limit_list_2019-04-25.csv,29,58,2019-04-25
limit_list_2019-04-26.csv,28,48,2019-04-26
limit_list_2019-04-29.csv,18,163,2019-04-29
limit_list_2019-04-30.csv,37,49,2019-04-30
limit_list_2019-05-06.csv,15,454,2019-05-06
limit_list_2019-05-07.csv,42,30,2019-05-07
limit_list_2019-05-08.csv,43,19,2019-05-08
limit_list_2019-05-09.csv,20,23,2019-05-09
limit_list_2019-05-10.csv,47,5,2019-05-10
limit_list_2019-05-13.csv,27,13,2019-05-13
limit_list_2019-05-14.csv,26,10,2019-05-14
limit_list_2019-05-15.csv,45,3,2019-05-15
limit_list_2019-05-16.csv,42,2,2019-05-16
limit_list_2019-05-17.csv,21,39,2019-05-17
limit_list_2019-05-20.csv,28,64,2019-05-20
limit_list_2019-05-21.csv,33,7,2019-05-21
limit_list_2019-05-22.csv,32,6,2019-05-22
limit_list_2019-05-23.csv,26,35,2019-05-23
limit_list_2019-05-24.csv,26,27,2019-05-24
limit_list_2019-05-27.csv,49,17,2019-05-27
limit_list_2019-05-28.csv,39,6,2019-05-28
limit_list_2019-05-29.csv,24,7,2019-05-29
limit_list_2019-05-30.csv,30,18,2019-05-30
limit_list_2019-05-31.csv,32,7,2019-05-31
limit_list_2019-06-03.csv,32,33,2019-06-03
limit_list_2019-06-04.csv,18,29,2019-06-04
limit_list_2019-06-05.csv,27,14,2019-06-05
limit_list_2019-06-06.csv,9,48,2019-06-06
limit_list_2019-06-10.csv,39,21,2019-06-10
limit_list_2019-06-11.csv,64,7,2019-06-11
limit_list_2019-06-12.csv,32,6,2019-06-12
limit_list_2019-06-13.csv,36,7,2019-06-13
limit_list_2019-06-14.csv,30,16,2019-06-14
limit_list_2019-06-17.csv,31,18,2019-06-17
limit_list_2019-06-18.csv,26,11,2019-06-18
limit_list_2019-06-19.csv,45,4,2019-06-19
limit_list_2019-06-20.csv,30,10,2019-06-20
limit_list_2019-06-21.csv,90,3,2019-06-21
limit_list_2019-06-24.csv,61,4,2019-06-24
limit_list_2019-06-25.csv,29,14,2019-06-25
limit_list_2019-06-26.csv,26,11,2019-06-26
limit_list_2019-06-27.csv,22,5,2019-06-27
limit_list_2019-06-28.csv,20,15,2019-06-28
limit_list_2019-07-01.csv,45,1,2019-07-01
limit_list_2019-07-02.csv,25,6,2019-07-02
limit_list_2019-07-03.csv,16,8,2019-07-03
limit_list_2019-07-04.csv,20,6,2019-07-04
limit_list_2019-07-05.csv,36,5,2019-07-05
limit_list_2019-07-08.csv,12,29,2019-07-08
limit_list_2019-07-09.csv,15,9,2019-07-09
limit_list_2019-07-10.csv,15,2,2019-07-10
limit_list_2019-07-11.csv,15,3,2019-07-11
limit_list_2019-07-12.csv,13,6,2019-07-12
limit_list_2019-07-15.csv,19,19,2019-07-15
limit_list_2019-07-16.csv,20,3,2019-07-16
limit_list_2019-07-17.csv,14,2,2019-07-17
limit_list_2019-07-18.csv,13,7,2019-07-18
limit_list_2019-07-19.csv,17,3,2019-07-19
limit_list_2019-07-22.csv,6,48,2019-07-22
limit_list_2019-07-23.csv,24,2,2019-07-23
limit_list_2019-07-24.csv,25,1,2019-07-24
limit_list_2019-07-25.csv,13,2,2019-07-25
limit_list_2019-07-26.csv,17,5,2019-07-26
limit_list_2019-07-29.csv,18,6,2019-07-29
limit_list_2019-07-30.csv,16,6,2019-07-30
limit_list_2019-07-31.csv,16,1,2019-07-31
limit_list_2019-08-01.csv,23,3,2019-08-01
limit_list_2019-08-02.csv,11,10,2019-08-02
limit_list_2019-08-05.csv,19,9,2019-08-05
limit_list_2019-08-06.csv,13,45,2019-08-06
limit_list_2019-08-07.csv,25,7,2019-08-07
limit_list_2019-08-08.csv,17,7,2019-08-08
limit_list_2019-08-09.csv,13,2,2019-08-09
limit_list_2019-08-12.csv,24,3,2019-08-12
limit_list_2019-08-13.csv,15,2,2019-08-13
limit_list_2019-08-14.csv,31,3,2019-08-14
limit_list_2019-08-15.csv,18,14,2019-08-15
limit_list_2019-08-16.csv,17,3,2019-08-16
limit_list_2019-08-19.csv,49,3,2019-08-19
limit_list_2019-08-20.csv,39,2,2019-08-20
limit_list_2019-08-21.csv,25,5,2019-08-21
limit_list_2019-08-22.csv,28,3,2019-08-22
limit_list_2019-08-23.csv,36,4,2019-08-23
limit_list_2019-08-26.csv,21,6,2019-08-26
limit_list_2019-08-27.csv,40,3,2019-08-27
limit_list_2019-08-28.csv,39,5,2019-08-28
limit_list_2019-08-29.csv,30,3,2019-08-29
limit_list_2019-08-30.csv,23,19,2019-08-30
limit_list_2019-09-02.csv,40,1,2019-09-02
limit_list_2019-09-03.csv,32,4,2019-09-03
limit_list_2019-09-04.csv,32,4,2019-09-04
limit_list_2019-09-05.csv,38,2,2019-09-05
limit_list_2019-09-06.csv,21,2,2019-09-06
limit_list_2019-09-09.csv,35,2,2019-09-09
limit_list_2019-09-10.csv,32,4,2019-09-10
limit_list_2019-09-11.csv,22,4,2019-09-11
limit_list_2019-09-12.csv,26,4,2019-09-12
limit_list_2019-09-16.csv,32,2,2019-09-16
limit_list_2019-09-17.csv,24,11,2019-09-17
limit_list_2019-09-18.csv,24,4,2019-09-18
limit_list_2019-09-19.csv,20,5,2019-09-19
limit_list_2019-09-20.csv,21,4,2019-09-20
limit_list_2019-09-23.csv,20,4,2019-09-23
limit_list_2019-09-24.csv,29,3,2019-09-24
limit_list_2019-09-25.csv,12,11,2019-09-25
limit_list_2019-09-26.csv,17,50,2019-09-26
limit_list_2019-09-27.csv,23,7,2019-09-27
limit_list_2019-09-30.csv,13,6,2019-09-30
limit_list_2019-10-08.csv,20,12,2019-10-08
limit_list_2019-10-09.csv,18,10,2019-10-09
limit_list_2019-10-10.csv,15,4,2019-10-10
limit_list_2019-10-11.csv,31,2,2019-10-11
limit_list_2019-10-14.csv,40,2,2019-10-14
limit_list_2019-10-15.csv,19,11,2019-10-15
limit_list_2019-10-16.csv,21,12,2019-10-16
limit_list_2019-10-17.csv,17,6,2019-10-17
limit_list_2019-10-18.csv,22,6,2019-10-18
limit_list_2019-10-21.csv,30,21,2019-10-21
limit_list_2019-10-22.csv,21,4,2019-10-22
limit_list_2019-10-23.csv,25,6,2019-10-23
limit_list_2019-10-24.csv,19,6,2019-10-24
limit_list_2019-10-25.csv,14,9,2019-10-25
limit_list_2019-10-28.csv,70,8,2019-10-28
limit_list_2019-10-29.csv,36,11,2019-10-29
limit_list_2019-10-30.csv,12,28,2019-10-30
limit_list_2019-10-31.csv,22,28,2019-10-31
limit_list_2019-11-01.csv,21,15,2019-11-01
limit_list_2019-11-04.csv,22,5,2019-11-04
limit_list_2019-11-05.csv,9,11,2019-11-05
limit_list_2019-11-06.csv,12,7,2019-11-06
limit_list_2019-11-07.csv,19,3,2019-11-07
limit_list_2019-11-08.csv,22,4,2019-11-08
limit_list_2019-11-11.csv,22,16,2019-11-11
limit_list_2019-11-12.csv,19,10,2019-11-12
limit_list_2019-11-13.csv,16,13,2019-11-13
limit_list_2019-11-14.csv,17,4,2019-11-14
limit_list_2019-11-15.csv,19,13,2019-11-15
limit_list_2019-11-18.csv,17,4,2019-11-18
limit_list_2019-11-19.csv,31,1,2019-11-19
limit_list_2019-11-20.csv,28,4,2019-11-20
limit_list_2019-11-21.csv,30,7,2019-11-21
limit_list_2019-11-22.csv,21,9,2019-11-22
limit_list_2019-11-25.csv,24,20,2019-11-25
limit_list_2019-11-26.csv,18,10,2019-11-26
limit_list_2019-11-27.csv,14,10,2019-11-27
limit_list_2019-11-28.csv,17,8,2019-11-28
limit_list_2019-11-29.csv,13,6,2019-11-29
limit_list_2019-12-02.csv,17,7,2019-12-02
limit_list_2019-12-03.csv,20,5,2019-12-03
limit_list_2019-12-04.csv,19,3,2019-12-04
limit_list_2019-12-05.csv,19,3,2019-12-05
limit_list_2019-12-06.csv,21,4,2019-12-06
limit_list_2019-12-09.csv,28,2,2019-12-09
limit_list_2019-12-10.csv,21,3,2019-12-10
limit_list_2019-12-11.csv,22,1,2019-12-11
limit_list_2019-12-12.csv,29,6,2019-12-12
limit_list_2019-12-13.csv,24,6,2019-12-13
limit_list_2019-12-16.csv,32,2,2019-12-16
limit_list_2019-12-17.csv,27,1,2019-12-17
limit_list_2019-12-18.csv,35,2,2019-12-18
limit_list_2019-12-19.csv,30,2,2019-12-19
limit_list_2019-12-20.csv,27,8,2019-12-20
limit_list_2019-12-23.csv,24,33,2019-12-23
limit_list_2019-12-24.csv,28,8,2019-12-24
limit_list_2019-12-25.csv,31,5,2019-12-25
limit_list_2019-12-26.csv,29,2,2019-12-26
limit_list_2019-12-27.csv,31,6,2019-12-27
limit_list_2019-12-30.csv,29,26,2019-12-30
limit_list_2019-12-31.csv,22,8,2019-12-31
limit_list_2020-01-02.csv,33,1,2020-01-02
limit_list_2020-01-03.csv,42,4,2020-01-03
limit_list_2020-01-06.csv,40,3,2020-01-06
limit_list_2020-01-07.csv,50,3,2020-01-07
limit_list_2020-01-08.csv,32,6,2020-01-08
limit_list_2020-01-09.csv,34,2,2020-01-09
limit_list_2020-01-10.csv,29,10,2020-01-10
limit_list_2020-01-13.csv,30,8,2020-01-13
limit_list_2020-01-14.csv,34,6,2020-01-14
limit_list_2020-01-15.csv,19,12,2020-01-15
limit_list_2020-01-16.csv,30,8,2020-01-16
limit_list_2020-01-17.csv,21,13,2020-01-17
limit_list_2020-01-20.csv,31,22,2020-01-20
limit_list_2020-01-21.csv,22,19,2020-01-21
limit_list_2020-01-22.csv,28,37,2020-01-22
limit_list_2020-01-23.csv,12,84,2020-01-23
limit_list_2020-02-03.csv,35,1026,2020-02-03
limit_list_2020-02-04.csv,60,435,2020-02-04
limit_list_2020-02-05.csv,108,5,2020-02-05
limit_list_2020-02-06.csv,103,2,2020-02-06
limit_list_2020-02-07.csv,84,9,2020-02-07
limit_list_2020-02-10.csv,89,20,2020-02-10
limit_list_2020-02-11.csv,38,26,2020-02-11
limit_list_2020-02-12.csv,40,9,2020-02-12
limit_list_2020-02-13.csv,31,9,2020-02-13
limit_list_2020-02-14.csv,31,12,2020-02-14
limit_list_2020-02-17.csv,75,1,2020-02-17
limit_list_2020-02-18.csv,53,3,2020-02-18
limit_list_2020-02-19.csv,46,15,2020-02-19
limit_list_2020-02-20.csv,61,2,2020-02-20
limit_list_2020-02-21.csv,56,2,2020-02-21
limit_list_2020-02-24.csv,71,7,2020-02-24
limit_list_2020-02-25.csv,76,35,2020-02-25
limit_list_2020-02-26.csv,59,47,2020-02-26
limit_list_2020-02-27.csv,42,28,2020-02-27
limit_list_2020-02-28.csv,23,158,2020-02-28
limit_list_2020-03-02.csv,106,15,2020-03-02
limit_list_2020-03-03.csv,67,0,2020-03-03
limit_list_2020-03-04.csv,33,7,2020-03-04
limit_list_2020-03-05.csv,74,1,2020-03-05
limit_list_2020-03-06.csv,46,1,2020-03-06
limit_list_2020-03-09.csv,46,47,2020-03-09
limit_list_2020-03-10.csv,65,46,2020-03-10
limit_list_2020-03-11.csv,59,7,2020-03-11
limit_list_2020-03-12.csv,37,21,2020-03-12
limit_list_2020-03-13.csv,43,43,2020-03-13
limit_list_2020-03-16.csv,35,104,2020-03-16
limit_list_2020-03-17.csv,23,54,2020-03-17
limit_list_2020-03-18.csv,33,19,2020-03-18
limit_list_2020-03-19.csv,28,15,2020-03-19
limit_list_2020-03-20.csv,36,9,2020-03-20
limit_list_2020-03-23.csv,23,80,2020-03-23
limit_list_2020-03-24.csv,45,22,2020-03-24
limit_list_2020-03-25.csv,49,3,2020-03-25
limit_list_2020-03-26.csv,34,13,2020-03-26
limit_list_2020-03-27.csv,39,10,2020-03-27
limit_list_2020-03-30.csv,13,49,2020-03-30
limit_list_2020-03-31.csv,29,10,2020-03-31
limit_list_2020-04-01.csv,24,13,2020-04-01
limit_list_2020-04-02.csv,31,10,2020-04-02
limit_list_2020-04-03.csv,43,2,2020-04-03
limit_list_2020-04-07.csv,72,5,2020-04-07
limit_list_2020-04-08.csv,45,4,2020-04-08
limit_list_2020-04-09.csv,59,6,2020-04-09
limit_list_2020-04-10.csv,35,35,2020-04-10
limit_list_2020-04-13.csv,26,29,2020-04-13
limit_list_2020-04-14.csv,36,6,2020-04-14
limit_list_2020-04-15.csv,24,7,2020-04-15
limit_list_2020-04-16.csv,37,6,2020-04-16
limit_list_2020-04-17.csv,32,8,2020-04-17
limit_list_2020-04-20.csv,33,9,2020-04-20
limit_list_2020-04-21.csv,31,6,2020-04-21
limit_list_2020-04-22.csv,36,9,2020-04-22
limit_list_2020-04-23.csv,38,10,2020-04-23
limit_list_2020-04-24.csv,17,36,2020-04-24
limit_list_2020-04-27.csv,25,35,2020-04-27
limit_list_2020-04-28.csv,13,117,2020-04-28
limit_list_2020-04-29.csv,23,24,2020-04-29
limit_list_2020-04-30.csv,37,20,2020-04-30
limit_list_2020-05-06.csv,45,21,2020-05-06
limit_list_2020-05-07.csv,32,19,2020-05-07
limit_list_2020-05-08.csv,32,12,2020-05-08
limit_list_2020-05-11.csv,27,16,2020-05-11
limit_list_2020-05-12.csv,23,21,2020-05-12
limit_list_2020-05-13.csv,39,10,2020-05-13
limit_list_2020-05-14.csv,28,14,2020-05-14
limit_list_2020-05-15.csv,30,14,2020-05-15
limit_list_2020-05-18.csv,27,26,2020-05-18
limit_list_2020-05-19.csv,36,15,2020-05-19
limit_list_2020-05-20.csv,37,30,2020-05-20
limit_list_2020-05-21.csv,35,18,2020-05-21
limit_list_2020-05-22.csv,30,23,2020-05-22
limit_list_2020-05-25.csv,32,24,2020-05-25
limit_list_2020-05-26.csv,49,7,2020-05-26
limit_list_2020-05-27.csv,45,8,2020-05-27
limit_list_2020-05-28.csv,35,12,2020-05-28
limit_list_2020-05-29.csv,37,10,2020-05-29
limit_list_2020-06-01.csv,59,6,2020-06-01
limit_list_2020-06-02.csv,51,7,2020-06-02
limit_list_2020-06-03.csv,54,4,2020-06-03
limit_list_2020-06-04.csv,61,8,2020-06-04
limit_list_2020-06-05.csv,47,17,2020-06-05
limit_list_2020-06-08.csv,29,27,2020-06-08
limit_list_2020-06-09.csv,39,14,2020-06-09
limit_list_2020-06-10.csv,21,18,2020-06-10
limit_list_2020-06-11.csv,26,11,2020-06-11
limit_list_2020-06-12.csv,33,13,2020-06-12
limit_list_2020-06-15.csv,34,11,2020-06-15
limit_list_2020-06-16.csv,33,6,2020-06-16
limit_list_2020-06-17.csv,33,8,2020-06-17
limit_list_2020-06-18.csv,34,14,2020-06-18
limit_list_2020-06-19.csv,30,13,2020-06-19
limit_list_2020-06-22.csv,31,15,2020-06-22
limit_list_2020-06-23.csv,32,12,2020-06-23
limit_list_2020-06-24.csv,25,4,2020-06-24
limit_list_2020-06-29.csv,28,20,2020-06-29
limit_list_2020-06-30.csv,35,10,2020-06-30
limit_list_2020-07-01.csv,39,10,2020-07-01
limit_list_2020-07-02.csv,39,9,2020-07-02
limit_list_2020-07-03.csv,37,9,2020-07-03
limit_list_2020-07-06.csv,84,5,2020-07-06
limit_list_2020-07-07.csv,65,9,2020-07-07
limit_list_2020-07-08.csv,70,8,2020-07-08
limit_list_2020-07-09.csv,82,3,2020-07-09
limit_list_2020-07-10.csv,59,6,2020-07-10
limit_list_2020-07-13.csv,101,5,2020-07-13
limit_list_2020-07-14.csv,66,24,2020-07-14
limit_list_2020-07-15.csv,57,49,2020-07-15
limit_list_2020-07-16.csv,31,107,2020-07-16
limit_list_2020-07-17.csv,43,40,2020-07-17
limit_list_2020-07-20.csv,71,19,2020-07-20
limit_list_2020-07-21.csv,49,9,2020-07-21
limit_list_2020-07-22.csv,47,12,2020-07-22
limit_list_2020-07-23.csv,36,13,2020-07-23
limit_list_2020-07-24.csv,31,44,2020-07-24
limit_list_2020-07-27.csv,31,17,2020-07-27
limit_list_2020-07-28.csv,43,13,2020-07-28
limit_list_2020-07-29.csv,50,3,2020-07-29
limit_list_2020-07-30.csv,52,5,2020-07-30
limit_list_2020-07-31.csv,56,3,2020-07-31
limit_list_2020-08-03.csv,90,2,2020-08-03
limit_list_2020-08-04.csv,61,12,2020-08-04
limit_list_2020-08-05.csv,67,7,2020-08-05
limit_list_2020-08-06.csv,58,11,2020-08-06
limit_list_2020-08-07.csv,46,11,2020-08-07
limit_list_2020-08-10.csv,50,24,2020-08-10
limit_list_2020-08-11.csv,47,15,2020-08-11
limit_list_2020-08-12.csv,42,28,2020-08-12
limit_list_2020-08-13.csv,54,7,2020-08-13
limit_list_2020-08-14.csv,37,16,2020-08-14
limit_list_2020-08-17.csv,59,9,2020-08-17
limit_list_2020-08-18.csv,59,3,2020-08-18
limit_list_2020-08-19.csv,34,15,2020-08-19
limit_list_2020-08-20.csv,19,19,2020-08-20
limit_list_2020-08-21.csv,33,6,2020-08-21
limit_list_2020-08-24.csv,27,10,2020-08-24
limit_list_2020-08-25.csv,20,3,2020-08-25
limit_list_2020-08-26.csv,24,22,2020-08-26
limit_list_2020-08-27.csv,14,12,2020-08-27
limit_list_2020-08-28.csv,20,9,2020-08-28
limit_list_2020-08-31.csv,29,9,2020-08-31
limit_list_2020-09-01.csv,18,10,2020-09-01
limit_list_2020-09-02.csv,19,8,2020-09-02
limit_list_2020-09-03.csv,19,8,2020-09-03
limit_list_2020-09-04.csv,16,10,2020-09-04
limit_list_2020-09-07.csv,16,9,2020-09-07
limit_list_2020-09-08.csv,32,11,2020-09-08
limit_list_2020-09-09.csv,19,11,2020-09-09
limit_list_2020-09-10.csv,10,43,2020-09-10
limit_list_2020-09-11.csv,20,9,2020-09-11
limit_list_2020-09-14.csv,21,7,2020-09-14
limit_list_2020-09-15.csv,22,6,2020-09-15
limit_list_2020-09-16.csv,12,3,2020-09-16
limit_list_2020-09-17.csv,13,5,2020-09-17
limit_list_2020-09-18.csv,20,2,2020-09-18
limit_list_2020-09-21.csv,11,5,2020-09-21
limit_list_2020-09-22.csv,14,6,2020-09-22
limit_list_2020-09-23.csv,16,3,2020-09-23
limit_list_2020-09-24.csv,10,7,2020-09-24
limit_list_2020-09-25.csv,10,11,2020-09-25
limit_list_2020-09-28.csv,11,17,2020-09-28
limit_list_2020-09-29.csv,13,13,2020-09-29
limit_list_2020-09-30.csv,7,7,2020-09-30
limit_list_2020-10-09.csv,39,4,2020-10-09
limit_list_2020-10-12.csv,34,1,2020-10-12
limit_list_2020-10-13.csv,7,1,2020-10-13
limit_list_2020-10-14.csv,17,9,2020-10-14
limit_list_2020-10-15.csv,21,11,2020-10-15
limit_list_2020-10-16.csv,12,7,2020-10-16
limit_list_2020-10-19.csv,12,7,2020-10-19
limit_list_2020-10-20.csv,15,1,2020-10-20
limit_list_2020-10-21.csv,6,5,2020-10-21
limit_list_2020-10-22.csv,6,5,2020-10-22
limit_list_2020-10-23.csv,9,8,2020-10-23
limit_list_2020-10-26.csv,7,7,2020-10-26
limit_list_2020-10-27.csv,13,4,2020-10-27
limit_list_2020-10-28.csv,13,10,2020-10-28
limit_list_2020-10-29.csv,12,8,2020-10-29
limit_list_2020-10-30.csv,11,14,2020-10-30
limit_list_2020-11-02.csv,21,26,2020-11-02
limit_list_2020-11-03.csv,25,5,2020-11-03
limit_list_2020-11-04.csv,15,5,2020-11-04
limit_list_2020-11-05.csv,20,3,2020-11-05
limit_list_2020-11-06.csv,9,6,2020-11-06
limit_list_2020-11-09.csv,22,6,2020-11-09
limit_list_2020-11-10.csv,18,7,2020-11-10
limit_list_2020-11-11.csv,30,3,2020-11-11
limit_list_2020-11-12.csv,29,3,2020-11-12
limit_list_2020-11-13.csv,15,7,2020-11-13
limit_list_2020-11-16.csv,30,9,2020-11-16
limit_list_2020-11-17.csv,22,11,2020-11-17
limit_list_2020-11-18.csv,26,4,2020-11-18
limit_list_2020-11-19.csv,18,7,2020-11-19
limit_list_2020-11-20.csv,26,6,2020-11-20
limit_list_2020-11-23.csv,26,9,2020-11-23
limit_list_2020-11-24.csv,23,9,2020-11-24
limit_list_2020-11-25.csv,23,14,2020-11-25
limit_list_2020-11-26.csv,13,9,2020-11-26
limit_list_2020-11-27.csv,18,7,2020-11-27
limit_list_2020-11-30.csv,25,9,2020-11-30
limit_list_2020-12-01.csv,27,5,2020-12-01
limit_list_2020-12-02.csv,29,4,2020-12-02
limit_list_2020-12-03.csv,34,7,2020-12-03
limit_list_2020-12-04.csv,27,10,2020-12-04
limit_list_2020-12-07.csv,27,7,2020-12-07
limit_list_2020-12-08.csv,21,9,2020-12-08
limit_list_2020-12-09.csv,21,13,2020-12-09
limit_list_2020-12-10.csv,27,18,2020-12-10
limit_list_2020-12-11.csv,13,30,2020-12-11
limit_list_2020-12-14.csv,28,24,2020-12-14
limit_list_2020-12-15.csv,18,24,2020-12-15
limit_list_2020-12-16.csv,24,25,2020-12-16
limit_list_2020-12-17.csv,28,24,2020-12-17
limit_list_2020-12-18.csv,26,10,2020-12-18
limit_list_2020-12-21.csv,27,7,2020-12-21
limit_list_2020-12-22.csv,20,16,2020-12-22
limit_list_2020-12-23.csv,33,12,2020-12-23
limit_list_2020-12-24.csv,25,29,2020-12-24
limit_list_2020-12-25.csv,44,17,2020-12-25
limit_list_2020-12-28.csv,40,14,2020-12-28
limit_list_2020-12-29.csv,40,28,2020-12-29
limit_list_2020-12-30.csv,41,10,2020-12-30
limit_list_2020-12-31.csv,37,7,2020-12-31
limit_list_2021-01-04.csv,45,10,2021-01-04
limit_list_2021-01-05.csv,37,21,2021-01-05
limit_list_2021-01-06.csv,31,27,2021-01-06
limit_list_2021-01-07.csv,19,35,2021-01-07
limit_list_2021-01-08.csv,31,37,2021-01-08
limit_list_2021-01-11.csv,29,37,2021-01-11
limit_list_2021-01-12.csv,40,16,2021-01-12
limit_list_2021-01-13.csv,29,27,2021-01-13
limit_list_2021-01-14.csv,44,24,2021-01-14
limit_list_2021-01-15.csv,52,6,2021-01-15
limit_list_2021-01-18.csv,62,5,2021-01-18
limit_list_2021-01-19.csv,53,3,2021-01-19
limit_list_2021-01-20.csv,43,3,2021-01-20
limit_list_2021-01-21.csv,50,4,2021-01-21
limit_list_2021-01-22.csv,27,17,2021-01-22
limit_list_2021-01-25.csv,34,37,2021-01-25
limit_list_2021-01-26.csv,35,31,2021-01-26
limit_list_2021-01-27.csv,35,11,2021-01-27
limit_list_2021-01-28.csv,35,15,2021-01-28
limit_list_2021-01-29.csv,24,38,2021-01-29
limit_list_2021-02-01.csv,40,65,2021-02-01
limit_list_2021-02-02.csv,45,21,2021-02-02
limit_list_2021-02-03.csv,41,18,2021-02-03
limit_list_2021-02-04.csv,37,41,2021-02-04
limit_list_2021-02-05.csv,28,34,2021-02-05
limit_list_2021-02-08.csv,25,22,2021-02-08
limit_list_2021-02-09.csv,34,12,2021-02-09
limit_list_2021-02-10.csv,26,13,2021-02-10
limit_list_2021-02-18.csv,75,5,2021-02-18
limit_list_2021-02-19.csv,62,4,2021-02-19
limit_list_2021-02-22.csv,82,12,2021-02-22
limit_list_2021-02-23.csv,34,9,2021-02-23
limit_list_2021-02-24.csv,25,10,2021-02-24
limit_list_2021-02-25.csv,38,5,2021-02-25
limit_list_2021-02-26.csv,34,13,2021-02-26
limit_list_2021-03-01.csv,42,6,2021-03-01
limit_list_2021-03-02.csv,18,11,2021-03-02
limit_list_2021-03-03.csv,30,10,2021-03-03
limit_list_2021-03-04.csv,34,9,2021-03-04
limit_list_2021-03-05.csv,36,14,2021-03-05
limit_list_2021-03-08.csv,43,15,2021-03-08
limit_list_2021-03-09.csv,27,61,2021-03-09
limit_list_2021-03-10.csv,26,20,2021-03-10
limit_list_2021-03-11.csv,30,8,2021-03-11
limit_list_2021-03-12.csv,38,6,2021-03-12
limit_list_2021-03-15.csv,37,13,2021-03-15
limit_list_2021-03-16.csv,40,5,2021-03-16
limit_list_2021-03-17.csv,38,3,2021-03-17
limit_list_2021-03-18.csv,36,2,2021-03-18
limit_list_2021-03-19.csv,32,7,2021-03-19
limit_list_2021-03-22.csv,41,3,2021-03-22
limit_list_2021-03-23.csv,39,15,2021-03-23
limit_list_2021-03-24.csv,37,19,2021-03-24
limit_list_2021-03-25.csv,40,24,2021-03-25
limit_list_2021-03-26.csv,37,8,2021-03-26
limit_list_2021-03-29.csv,44,10,2021-03-29
limit_list_2021-03-30.csv,32,20,2021-03-30
limit_list_2021-03-31.csv,46,10,2021-03-31
limit_list_2021-04-01.csv,47,11,2021-04-01
limit_list_2021-04-02.csv,38,11,2021-04-02
limit_list_2021-04-06.csv,44,5,2021-04-06
limit_list_2021-04-07.csv,57,6,2021-04-07
limit_list_2021-04-08.csv,46,13,2021-04-08
limit_list_2021-04-09.csv,43,9,2021-04-09
limit_list_2021-04-12.csv,47,14,2021-04-12
limit_list_2021-04-13.csv,26,22,2021-04-13
limit_list_2021-04-14.csv,43,12,2021-04-14
limit_list_2021-04-15.csv,34,23,2021-04-15
limit_list_2021-04-16.csv,53,5,2021-04-16
limit_list_2021-04-19.csv,47,7,2021-04-19
limit_list_2021-04-20.csv,37,13,2021-04-20
limit_list_2021-04-21.csv,20,8,2021-04-21
limit_list_2021-04-22.csv,36,6,2021-04-22
limit_list_2021-04-23.csv,29,15,2021-04-23
limit_list_2021-04-26.csv,29,19,2021-04-26
limit_list_2021-04-27.csv,23,35,2021-04-27
limit_list_2021-04-28.csv,34,21,2021-04-28
limit_list_2021-04-29.csv,27,22,2021-04-29
limit_list_2021-04-30.csv,31,36,2021-04-30
limit_list_2021-05-06.csv,45,25,2021-05-06
limit_list_2021-05-07.csv,45,13,2021-05-07
limit_list_2021-05-10.csv,49,18,2021-05-10
limit_list_2021-05-11.csv,40,20,2021-05-11
limit_list_2021-05-12.csv,47,10,2021-05-12
limit_list_2021-05-13.csv,32,7,2021-05-13
limit_list_2021-05-14.csv,44,5,2021-05-14
limit_list_2021-05-17.csv,25,60,2021-05-17
limit_list_2021-05-18.csv,44,26,2021-05-18
limit_list_2021-05-19.csv,37,8,2021-05-19
limit_list_2021-05-20.csv,39,21,2021-05-20
limit_list_2021-05-21.csv,41,11,2021-05-21
limit_list_2021-05-24.csv,49,9,2021-05-24
limit_list_2021-05-25.csv,31,7,2021-05-25
limit_list_2021-05-26.csv,35,6,2021-05-26
limit_list_2021-05-27.csv,39,1,2021-05-27
limit_list_2021-05-28.csv,30,3,2021-05-28
limit_list_2021-05-31.csv,42,5,2021-05-31
limit_list_2021-06-01.csv,47,6,2021-06-01
limit_list_2021-06-02.csv,37,12,2021-06-02
limit_list_2021-06-03.csv,52,9,2021-06-03
limit_list_2021-06-04.csv,48,12,2021-06-04
limit_list_2021-06-07.csv,41,9,2021-06-07
limit_list_2021-06-08.csv,38,18,2021-06-08
limit_list_2021-06-09.csv,38,5,2021-06-09
limit_list_2021-06-10.csv,46,16,2021-06-10
limit_list_2021-06-11.csv,44,18,2021-06-11
limit_list_2021-06-15.csv,18,33,2021-06-15
limit_list_2021-06-16.csv,28,21,2021-06-16
limit_list_2021-06-17.csv,33,14,2021-06-17
limit_list_2021-06-18.csv,35,7,2021-06-18
limit_list_2021-06-21.csv,38,6,2021-06-21
limit_list_2021-06-22.csv,46,5,2021-06-22
limit_list_2021-06-23.csv,35,4,2021-06-23
limit_list_2021-06-24.csv,30,9,2021-06-24
limit_list_2021-06-25.csv,34,6,2021-06-25
limit_list_2021-06-28.csv,47,13,2021-06-28
limit_list_2021-06-29.csv,27,13,2021-06-29
limit_list_2021-06-30.csv,40,10,2021-06-30
limit_list_2021-07-01.csv,30,16,2021-07-01
limit_list_2021-07-02.csv,28,9,2021-07-02
limit_list_2021-07-05.csv,42,9,2021-07-05
limit_list_2021-07-06.csv,29,7,2021-07-06
limit_list_2021-07-07.csv,32,5,2021-07-07
limit_list_2021-07-08.csv,33,5,2021-07-08
limit_list_2021-07-09.csv,31,5,2021-07-09
limit_list_2021-07-12.csv,45,11,2021-07-12
limit_list_2021-07-13.csv,45,9,2021-07-13
limit_list_2021-07-14.csv,30,14,2021-07-14
limit_list_2021-07-15.csv,26,21,2021-07-15
limit_list_2021-07-16.csv,29,7,2021-07-16
limit_list_2021-07-19.csv,38,15,2021-07-19
limit_list_2021-07-20.csv,19,9,2021-07-20
limit_list_2021-07-21.csv,34,2,2021-07-21
limit_list_2021-07-22.csv,33,2,2021-07-22
limit_list_2021-07-23.csv,23,13,2021-07-23
limit_list_2021-07-26.csv,25,25,2021-07-26
limit_list_2021-07-27.csv,27,32,2021-07-27
limit_list_2021-07-28.csv,19,72,2021-07-28
limit_list_2021-07-29.csv,38,4,2021-07-29
limit_list_2021-07-30.csv,30,15,2021-07-30
limit_list_2021-08-02.csv,43,11,2021-08-02
limit_list_2021-08-03.csv,27,23,2021-08-03
limit_list_2021-08-04.csv,40,6,2021-08-04
limit_list_2021-08-05.csv,21,9,2021-08-05
limit_list_2021-08-06.csv,32,4,2021-08-06
limit_list_2021-08-09.csv,33,5,2021-08-09
limit_list_2021-08-10.csv,36,5,2021-08-10
limit_list_2021-08-11.csv,34,6,2021-08-11
limit_list_2021-08-12.csv,38,11,2021-08-12
limit_list_2021-08-13.csv,37,3,2021-08-13
limit_list_2021-08-16.csv,40,6,2021-08-16
limit_list_2021-08-17.csv,22,15,2021-08-17
limit_list_2021-08-18.csv,38,4,2021-08-18
limit_list_2021-08-19.csv,29,9,2021-08-19
limit_list_2021-08-20.csv,24,18,2021-08-20
limit_list_2021-08-23.csv,58,3,2021-08-23
limit_list_2021-08-24.csv,45,7,2021-08-24
limit_list_2021-08-25.csv,38,6,2021-08-25
limit_list_2021-08-26.csv,40,9,2021-08-26
limit_list_2021-08-27.csv,45,12,2021-08-27
limit_list_2021-08-30.csv,51,13,2021-08-30
limit_list_2021-08-31.csv,47,11,2021-08-31
limit_list_2021-09-01.csv,32,39,2021-09-01
limit_list_2021-09-02.csv,33,1,2021-09-02
limit_list_2021-09-03.csv,43,20,2021-09-03
limit_list_2021-09-06.csv,29,20,2021-09-06
limit_list_2021-09-07.csv,40,6,2021-09-07
limit_list_2021-09-08.csv,50,3,2021-09-08
limit_list_2021-09-09.csv,41,2,2021-09-09
limit_list_2021-09-10.csv,35,2,2021-09-10
limit_list_2021-09-13.csv,42,7,2021-09-13
limit_list_2021-09-14.csv,41,5,2021-09-14
limit_list_2021-09-15.csv,43,7,2021-09-15
limit_list_2021-09-16.csv,36,22,2021-09-16
limit_list_2021-09-17.csv,34,24,2021-09-17
limit_list_2021-09-22.csv,42,8,2021-09-22
limit_list_2021-09-23.csv,39,14,2021-09-23
limit_list_2021-09-24.csv,14,37,2021-09-24
limit_list_2021-09-27.csv,25,111,2021-09-27
limit_list_2021-09-28.csv,36,26,2021-09-28
limit_list_2021-09-29.csv,10,33,2021-09-29
limit_list_2021-09-30.csv,38,5,2021-09-30
limit_list_2021-10-08.csv,49,9,2021-10-08
limit_list_2021-10-11.csv,29,21,2021-10-11
limit_list_2021-10-12.csv,24,13,2021-10-12
limit_list_2021-10-13.csv,28,31,2021-10-13
limit_list_2021-10-14.csv,38,13,2021-10-14
limit_list_2021-10-15.csv,27,24,2021-10-15
limit_list_2021-10-18.csv,36,9,2021-10-18
limit_list_2021-10-19.csv,26,4,2021-10-19
limit_list_2021-10-20.csv,33,11,2021-10-20
limit_list_2021-10-21.csv,22,7,2021-10-21
limit_list_2021-10-22.csv,28,8,2021-10-22
limit_list_2021-10-25.csv,26,8,2021-10-25
limit_list_2021-10-26.csv,17,6,2021-10-26
limit_list_2021-10-27.csv,14,13,2021-10-27
limit_list_2021-10-28.csv,20,44,2021-10-28
limit_list_2021-10-29.csv,39,10,2021-10-29
limit_list_2021-11-01.csv,38,9,2021-11-01
limit_list_2021-11-02.csv,21,17,2021-11-02
limit_list_2021-11-03.csv,21,6,2021-11-03
limit_list_2021-11-04.csv,44,1,2021-11-04
limit_list_2021-11-05.csv,27,11,2021-11-05
limit_list_2021-11-08.csv,35,7,2021-11-08
limit_list_2021-11-09.csv,39,3,2021-11-09
limit_list_2021-11-10.csv,18,2,2021-11-10
limit_list_2021-11-11.csv,27,4,2021-11-11
limit_list_2021-11-12.csv,24,2,2021-11-12
limit_list_2021-11-15.csv,34,13,2021-11-15
limit_list_2021-11-16.csv,26,3,2021-11-16
limit_list_2021-11-17.csv,33,1,2021-11-17
limit_list_2021-11-18.csv,29,10,2021-11-18
limit_list_2021-11-19.csv,38,2,2021-11-19
limit_list_2021-11-22.csv,36,4,2021-11-22
limit_list_2021-11-23.csv,31,2,2021-11-23
limit_list_2021-11-24.csv,30,8,2021-11-24
limit_list_2021-11-25.csv,29,6,2021-11-25
limit_list_2021-11-26.csv,30,4,2021-11-26
limit_list_2021-11-29.csv,35,7,2021-11-29
limit_list_2021-11-30.csv,44,4,2021-11-30
limit_list_2021-12-01.csv,43,5,2021-12-01
limit_list_2021-12-02.csv,39,5,2021-12-02
limit_list_2021-12-03.csv,36,8,2021-12-03
limit_list_2021-12-06.csv,42,10,2021-12-06
limit_list_2021-12-07.csv,42,8,2021-12-07
limit_list_2021-12-08.csv,45,14,2021-12-08
limit_list_2021-12-09.csv,46,8,2021-12-09
limit_list_2021-12-10.csv,42,2,2021-12-10
limit_list_2021-12-13.csv,38,9,2021-12-13
limit_list_2021-12-14.csv,54,2,2021-12-14
limit_list_2021-12-15.csv,51,2,2021-12-15
limit_list_2021-12-16.csv,56,4,2021-12-16
limit_list_2021-12-17.csv,45,4,2021-12-17
limit_list_2021-12-20.csv,61,13,2021-12-20
limit_list_2021-12-21.csv,72,12,2021-12-21
limit_list_2021-12-22.csv,57,11,2021-12-22
limit_list_2021-12-23.csv,41,19,2021-12-23
limit_list_2021-12-24.csv,38,18,2021-12-24
limit_list_2021-12-27.csv,29,16,2021-12-27
limit_list_2021-12-28.csv,43,14,2021-12-28
limit_list_2021-12-29.csv,29,10,2021-12-29
limit_list_2021-12-30.csv,45,5,2021-12-30
limit_list_2021-12-31.csv,44,5,2021-12-31
limit_list_2022-01-04.csv,55,12,2022-01-04
limit_list_2022-01-05.csv,48,15,2022-01-05
limit_list_2022-01-06.csv,52,6,2022-01-06
limit_list_2022-01-07.csv,40,15,2022-01-07
limit_list_2022-01-10.csv,31,16,2022-01-10
limit_list_2022-01-11.csv,49,7,2022-01-11
limit_list_2022-01-12.csv,42,7,2022-01-12
limit_list_2022-01-13.csv,37,10,2022-01-13
limit_list_2022-01-14.csv,38,16,2022-01-14
limit_list_2022-01-17.csv,37,17,2022-01-17
limit_list_2022-01-18.csv,28,36,2022-01-18
limit_list_2022-01-19.csv,37,14,2022-01-19
limit_list_2022-01-20.csv,25,17,2022-01-20
limit_list_2022-01-21.csv,39,24,2022-01-21
limit_list_2022-01-24.csv,33,31,2022-01-24
limit_list_2022-01-25.csv,19,49,2022-01-25
limit_list_2022-01-26.csv,36,29,2022-01-26
limit_list_2022-01-27.csv,11,52,2022-01-27
limit_list_2022-01-28.csv,42,25,2022-01-28
limit_list_2022-02-07.csv,48,42,2022-02-07
limit_list_2022-02-08.csv,54,11,2022-02-08
limit_list_2022-02-09.csv,57,1,2022-02-09
limit_list_2022-02-10.csv,40,1,2022-02-10
limit_list_2022-02-11.csv,27,10,2022-02-11
limit_list_2022-02-14.csv,61,10,2022-02-14
limit_list_2022-02-15.csv,42,11,2022-02-15
limit_list_2022-02-16.csv,43,5,2022-02-16
limit_list_2022-02-17.csv,41,13,2022-02-17
limit_list_2022-02-18.csv,37,2,2022-02-18
limit_list_2022-02-21.csv,50,0,2022-02-21
limit_list_2022-02-22.csv,32,8,2022-02-22
limit_list_2022-02-23.csv,50,6,2022-02-23
limit_list_2022-02-24.csv,45,50,2022-02-24
limit_list_2022-02-25.csv,31,7,2022-02-25
limit_list_2022-02-28.csv,21,12,2022-02-28
limit_list_2022-03-01.csv,35,4,2022-03-01
limit_list_2022-03-02.csv,33,3,2022-03-02
limit_list_2022-03-03.csv,51,1,2022-03-03
limit_list_2022-03-04.csv,32,18,2022-03-04
limit_list_2022-03-07.csv,27,20,2022-03-07
limit_list_2022-03-08.csv,28,39,2022-03-08
limit_list_2022-03-09.csv,29,64,2022-03-09
limit_list_2022-03-10.csv,42,5,2022-03-10
limit_list_2022-03-11.csv,26,17,2022-03-11
limit_list_2022-03-14.csv,27,21,2022-03-14
limit_list_2022-03-15.csv,15,67,2022-03-15
limit_list_2022-03-16.csv,68,17,2022-03-16
limit_list_2022-03-17.csv,66,2,2022-03-17
limit_list_2022-03-18.csv,50,4,2022-03-18
limit_list_2022-03-21.csv,50,4,2022-03-21
limit_list_2022-03-22.csv,42,5,2022-03-22
limit_list_2022-03-23.csv,51,7,2022-03-23
limit_list_2022-03-24.csv,35,9,2022-03-24
limit_list_2022-03-25.csv,49,11,2022-03-25
limit_list_2022-03-28.csv,38,12,2022-03-28
limit_list_2022-03-29.csv,37,16,2022-03-29
limit_list_2022-03-30.csv,40,7,2022-03-30
limit_list_2022-03-31.csv,50,11,2022-03-31
limit_list_2022-04-01.csv,44,10,2022-04-01
limit_list_2022-04-06.csv,60,8,2022-04-06
limit_list_2022-04-07.csv,29,18,2022-04-07
limit_list_2022-04-08.csv,42,12,2022-04-08
limit_list_2022-04-11.csv,42,49,2022-04-11
limit_list_2022-04-12.csv,73,16,2022-04-12
limit_list_2022-04-13.csv,34,29,2022-04-13
limit_list_2022-04-14.csv,44,17,2022-04-14
limit_list_2022-04-15.csv,29,33,2022-04-15
limit_list_2022-04-18.csv,35,39,2022-04-18
limit_list_2022-04-19.csv,42,21,2022-04-19
limit_list_2022-04-20.csv,31,17,2022-04-20
limit_list_2022-04-21.csv,25,59,2022-04-21
limit_list_2022-04-22.csv,30,51,2022-04-22
limit_list_2022-04-25.csv,24,376,2022-04-25
limit_list_2022-04-26.csv,30,151,2022-04-26
limit_list_2022-04-27.csv,64,95,2022-04-27
limit_list_2022-04-28.csv,44,49,2022-04-28
limit_list_2022-04-29.csv,114,15,2022-04-29
limit_list_2022-05-05.csv,74,16,2022-05-05
limit_list_2022-05-06.csv,61,33,2022-05-06
limit_list_2022-05-09.csv,93,12,2022-05-09
limit_list_2022-05-10.csv,56,19,2022-05-10
limit_list_2022-05-11.csv,73,18,2022-05-11
limit_list_2022-05-12.csv,58,23,2022-05-12
limit_list_2022-05-13.csv,51,18,2022-05-13
limit_list_2022-05-16.csv,66,13,2022-05-16
limit_list_2022-05-17.csv,45,32,2022-05-17
limit_list_2022-05-18.csv,86,8,2022-05-18
limit_list_2022-05-19.csv,59,5,2022-05-19
limit_list_2022-05-20.csv,57,4,2022-05-20
limit_list_2022-05-23.csv,54,9,2022-05-23
limit_list_2022-05-24.csv,39,47,2022-05-24
limit_list_2022-05-25.csv,59,16,2022-05-25
limit_list_2022-05-26.csv,58,14,2022-05-26
limit_list_2022-05-27.csv,51,14,2022-05-27
limit_list_2022-05-30.csv,68,14,2022-05-30
limit_list_2022-05-31.csv,66,11,2022-05-31
limit_list_2022-06-01.csv,53,10,2022-06-01
limit_list_2022-06-02.csv,41,22,2022-06-02
limit_list_2022-06-06.csv,55,19,2022-06-06
limit_list_2022-06-07.csv,48,16,2022-06-07
limit_list_2022-06-08.csv,51,12,2022-06-08
limit_list_2022-06-09.csv,37,26,2022-06-09
limit_list_2022-06-10.csv,52,6,2022-06-10
limit_list_2022-06-13.csv,59,16,2022-06-13
limit_list_2022-06-14.csv,42,14,2022-06-14
limit_list_2022-06-15.csv,51,8,2022-06-15
limit_list_2022-06-16.csv,45,9,2022-06-16
limit_list_2022-06-17.csv,38,5,2022-06-17
limit_list_2022-06-20.csv,72,10,2022-06-20
limit_list_2022-06-21.csv,39,13,2022-06-21
limit_list_2022-06-22.csv,39,10,2022-06-22
limit_list_2022-06-23.csv,66,13,2022-06-23
limit_list_2022-06-24.csv,69,12,2022-06-24
limit_list_2022-06-27.csv,63,6,2022-06-27
limit_list_2022-06-28.csv,63,1,2022-06-28
limit_list_2022-06-29.csv,35,28,2022-06-29
limit_list_2022-06-30.csv,63,8,2022-06-30
limit_list_2022-07-01.csv,47,22,2022-07-01
limit_list_2022-07-04.csv,42,15,2022-07-04
limit_list_2022-07-05.csv,40,12,2022-07-05
limit_list_2022-07-06.csv,35,12,2022-07-06
limit_list_2022-07-07.csv,50,4,2022-07-07
limit_list_2022-07-08.csv,45,5,2022-07-08
limit_list_2022-07-11.csv,39,13,2022-07-11
limit_list_2022-07-12.csv,31,15,2022-07-12
limit_list_2022-07-13.csv,60,8,2022-07-13
limit_list_2022-07-14.csv,32,15,2022-07-14
limit_list_2022-07-15.csv,30,40,2022-07-15
limit_list_2022-07-18.csv,76,9,2022-07-18
limit_list_2022-07-19.csv,53,7,2022-07-19
limit_list_2022-07-20.csv,56,7,2022-07-20
limit_list_2022-07-21.csv,58,2,2022-07-21
limit_list_2022-07-22.csv,49,7,2022-07-22
limit_list_2022-07-25.csv,42,19,2022-07-25
limit_list_2022-07-26.csv,55,4,2022-07-26
limit_list_2022-07-27.csv,47,8,2022-07-27
limit_list_2022-07-28.csv,56,3,2022-07-28
limit_list_2022-07-29.csv,37,11,2022-07-29
limit_list_2022-08-01.csv,43,10,2022-08-01
limit_list_2022-08-02.csv,24,71,2022-08-02
limit_list_2022-08-03.csv,51,22,2022-08-03
limit_list_2022-08-04.csv,36,11,2022-08-04
limit_list_2022-08-05.csv,31,12,2022-08-05
limit_list_2022-08-08.csv,52,7,2022-08-08
limit_list_2022-08-09.csv,54,2,2022-08-09
limit_list_2022-08-10.csv,46,1,2022-08-10
limit_list_2022-08-11.csv,42,4,2022-08-11
limit_list_2022-08-12.csv,44,9,2022-08-12
limit_list_2022-08-15.csv,38,5,2022-08-15
limit_list_2022-08-16.csv,64,3,2022-08-16
limit_list_2022-08-17.csv,49,2,2022-08-17
limit_list_2022-08-18.csv,40,1,2022-08-18
limit_list_2022-08-19.csv,41,10,2022-08-19
limit_list_2022-08-22.csv,55,8,2022-08-22
limit_list_2022-08-23.csv,48,6,2022-08-23
limit_list_2022-08-24.csv,34,30,2022-08-24
limit_list_2022-08-25.csv,35,18,2022-08-25
limit_list_2022-08-26.csv,38,30,2022-08-26
limit_list_2022-08-29.csv,39,15,2022-08-29
limit_list_2022-08-30.csv,37,8,2022-08-30
limit_list_2022-08-31.csv,32,32,2022-08-31
limit_list_2022-09-01.csv,34,19,2022-09-01
limit_list_2022-09-02.csv,45,10,2022-09-02
limit_list_2022-09-05.csv,41,10,2022-09-05
limit_list_2022-09-06.csv,40,2,2022-09-06
limit_list_2022-09-07.csv,44,9,2022-09-07
limit_list_2022-09-08.csv,30,5,2022-09-08
limit_list_2022-09-09.csv,31,12,2022-09-09
limit_list_2022-09-13.csv,40,10,2022-09-13
limit_list_2022-09-14.csv,25,6,2022-09-14
limit_list_2022-09-15.csv,29,35,2022-09-15
limit_list_2022-09-16.csv,16,38,2022-09-16
limit_list_2022-09-19.csv,25,33,2022-09-19
limit_list_2022-09-20.csv,50,4,2022-09-20
limit_list_2022-09-21.csv,34,11,2022-09-21
limit_list_2022-09-22.csv,25,6,2022-09-22
limit_list_2022-09-23.csv,27,16,2022-09-23
limit_list_2022-09-26.csv,22,43,2022-09-26
limit_list_2022-09-27.csv,47,11,2022-09-27
limit_list_2022-09-28.csv,26,25,2022-09-28
limit_list_2022-09-29.csv,24,21,2022-09-29
limit_list_2022-09-30.csv,18,17,2022-09-30
limit_list_2022-10-10.csv,25,33,2022-10-10
limit_list_2022-10-11.csv,25,20,2022-10-11
limit_list_2022-10-12.csv,41,8,2022-10-12
limit_list_2022-10-13.csv,36,9,2022-10-13
limit_list_2022-10-14.csv,56,3,2022-10-14
limit_list_2022-10-17.csv,48,6,2022-10-17
limit_list_2022-10-18.csv,45,6,2022-10-18
limit_list_2022-10-19.csv,43,5,2022-10-19
limit_list_2022-10-20.csv,46,17,2022-10-20
limit_list_2022-10-21.csv,35,14,2022-10-21
limit_list_2022-10-24.csv,38,28,2022-10-24
limit_list_2022-10-25.csv,33,28,2022-10-25
limit_list_2022-10-26.csv,55,11,2022-10-26
limit_list_2022-10-27.csv,25,12,2022-10-27
limit_list_2022-10-28.csv,12,64,2022-10-28
limit_list_2022-10-31.csv,32,37,2022-10-31
limit_list_2022-11-01.csv,56,4,2022-11-01
limit_list_2022-11-02.csv,55,2,2022-11-02
limit_list_2022-11-03.csv,35,7,2022-11-03
limit_list_2022-11-04.csv,49,1,2022-11-04
limit_list_2022-11-07.csv,54,1,2022-11-07
limit_list_2022-11-08.csv,42,2,2022-11-08
limit_list_2022-11-09.csv,42,2,2022-11-09
limit_list_2022-11-10.csv,46,3,2022-11-10
limit_list_2022-11-11.csv,60,6,2022-11-11
limit_list_2022-11-14.csv,49,10,2022-11-14
limit_list_2022-11-15.csv,54,6,2022-11-15
limit_list_2022-11-16.csv,39,10,2022-11-16
limit_list_2022-11-17.csv,41,4,2022-11-17
limit_list_2022-11-18.csv,43,10,2022-11-18
limit_list_2022-11-21.csv,36,14,2022-11-21
limit_list_2022-11-22.csv,36,16,2022-11-22
limit_list_2022-11-23.csv,33,34,2022-11-23
limit_list_2022-11-24.csv,37,8,2022-11-24
limit_list_2022-11-25.csv,30,10,2022-11-25
limit_list_2022-11-28.csv,40,4,2022-11-28
limit_list_2022-11-29.csv,68,0,2022-11-29
limit_list_2022-11-30.csv,58,5,2022-11-30
limit_list_2022-12-01.csv,41,2,2022-12-01
limit_list_2022-12-02.csv,46,7,2022-12-02
limit_list_2022-12-05.csv,47,4,2022-12-05
limit_list_2022-12-06.csv,33,7,2022-12-06
limit_list_2022-12-07.csv,35,9,2022-12-07
limit_list_2022-12-08.csv,37,11,2022-12-08
limit_list_2022-12-09.csv,34,10,2022-12-09
limit_list_2022-12-12.csv,31,23,2022-12-12
limit_list_2022-12-13.csv,34,9,2022-12-13
limit_list_2022-12-14.csv,37,12,2022-12-14
limit_list_2022-12-15.csv,29,13,2022-12-15
limit_list_2022-12-16.csv,27,15,2022-12-16
limit_list_2022-12-19.csv,25,22,2022-12-19
limit_list_2022-12-20.csv,24,26,2022-12-20
limit_list_2022-12-21.csv,22,18,2022-12-21
limit_list_2022-12-22.csv,34,17,2022-12-22
limit_list_2022-12-23.csv,32,21,2022-12-23
limit_list_2022-12-26.csv,31,10,2022-12-26
limit_list_2022-12-27.csv,34,6,2022-12-27
limit_list_2022-12-28.csv,28,16,2022-12-28
limit_list_2022-12-29.csv,37,9,2022-12-29
limit_list_2022-12-30.csv,29,8,2022-12-30
limit_list_2023-01-03.csv,60,6,2023-01-03
limit_list_2023-01-04.csv,43,6,2023-01-04
limit_list_2023-01-05.csv,26,11,2023-01-05
limit_list_2023-01-06.csv,17,10,2023-01-06
limit_list_2023-01-09.csv,25,8,2023-01-09
limit_list_2023-01-10.csv,17,8,2023-01-10
limit_list_2023-01-11.csv,21,8,2023-01-11
limit_list_2023-01-12.csv,31,8,2023-01-12
limit_list_2023-01-13.csv,22,9,2023-01-13
limit_list_2023-01-16.csv,25,11,2023-01-16
limit_list_2023-01-17.csv,18,12,2023-01-17
limit_list_2023-01-18.csv,32,4,2023-01-18
limit_list_2023-01-19.csv,18,13,2023-01-19
limit_list_2023-01-20.csv,15,8,2023-01-20
limit_list_2023-01-30.csv,51,6,2023-01-30
limit_list_2023-01-31.csv,33,17,2023-01-31
limit_list_2023-02-01.csv,49,7,2023-02-01
limit_list_2023-02-02.csv,27,13,2023-02-02
limit_list_2023-02-03.csv,29,7,2023-02-03
limit_list_2023-02-06.csv,23,10,2023-02-06
limit_list_2023-02-07.csv,20,4,2023-02-07
limit_list_2023-02-08.csv,29,5,2023-02-08
limit_list_2023-02-09.csv,24,8,2023-02-09
limit_list_2023-02-10.csv,17,5,2023-02-10
limit_list_2023-02-13.csv,25,0,2023-02-13
limit_list_2023-02-14.csv,20,6,2023-02-14
limit_list_2023-02-15.csv,29,3,2023-02-15
limit_list_2023-02-16.csv,17,7,2023-02-16
limit_list_2023-02-17.csv,21,5,2023-02-17
limit_list_2023-02-20.csv,14,17,2023-02-20
limit_list_2023-02-21.csv,13,4,2023-02-21
limit_list_2023-02-22.csv,15,3,2023-02-22
limit_list_2023-02-23.csv,16,7,2023-02-23
limit_list_2023-02-24.csv,16,2,2023-02-24
limit_list_2023-02-27.csv,15,6,2023-02-27
limit_list_2023-02-28.csv,17,1,2023-02-28
limit_list_2023-03-01.csv,27,2,2023-03-01
limit_list_2023-03-02.csv,26,4,2023-03-02
limit_list_2023-03-03.csv,15,2,2023-03-03
limit_list_2023-03-06.csv,27,3,2023-03-06
limit_list_2023-03-07.csv,16,3,2023-03-07
limit_list_2023-03-08.csv,22,1,2023-03-08
limit_list_2023-03-09.csv,16,3,2023-03-09
limit_list_2023-03-10.csv,14,9,2023-03-10
limit_list_2023-03-13.csv,12,9,2023-03-13
limit_list_2023-03-14.csv,9,13,2023-03-14
limit_list_2023-03-15.csv,23,1,2023-03-15
limit_list_2023-03-16.csv,11,9,2023-03-16
limit_list_2023-03-17.csv,16,1,2023-03-17
limit_list_2023-03-20.csv,16,7,2023-03-20
limit_list_2023-03-21.csv,27,2,2023-03-21
limit_list_2023-03-22.csv,14,2,2023-03-22
limit_list_2023-03-23.csv,16,3,2023-03-23
limit_list_2023-03-24.csv,24,5,2023-03-24
limit_list_2023-03-27.csv,33,7,2023-03-27
limit_list_2023-03-28.csv,15,10,2023-03-28
limit_list_2023-03-29.csv,17,8,2023-03-29
limit_list_2023-03-30.csv,10,10,2023-03-30
limit_list_2023-03-31.csv,20,1,2023-03-31
limit_list_2023-04-03.csv,19,4,2023-04-03
limit_list_2023-04-04.csv,19,7,2023-04-04
limit_list_2023-04-06.csv,13,17,2023-04-06
limit_list_2023-04-07.csv,21,2,2023-04-07
limit_list_2023-04-10.csv,16,21,2023-04-10
limit_list_2023-04-11.csv,20,4,2023-04-11
limit_list_2023-04-12.csv,30,1,2023-04-12
limit_list_2023-04-13.csv,21,2,2023-04-13
limit_list_2023-04-14.csv,17,8,2023-04-14
limit_list_2023-04-17.csv,23,9,2023-04-17
limit_list_2023-04-18.csv,20,10,2023-04-18
limit_list_2023-04-19.csv,19,13,2023-04-19
limit_list_2023-04-20.csv,11,23,2023-04-20
limit_list_2023-04-21.csv,5,37,2023-04-21
limit_list_2023-04-24.csv,18,26,2023-04-24
limit_list_2023-04-25.csv,16,35,2023-04-25
limit_list_2023-04-26.csv,20,26,2023-04-26
limit_list_2023-04-27.csv,21,34,2023-04-27
limit_list_2023-04-28.csv,50,18,2023-04-28
limit_list_2023-05-04.csv,40,18,2023-05-04
limit_list_2023-05-05.csv,24,36,2023-05-05
limit_list_2023-05-08.csv,32,40,2023-05-08
limit_list_2023-05-09.csv,22,49,2023-05-09
limit_list_2023-05-10.csv,21,40,2023-05-10
limit_list_2023-05-11.csv,43,27,2023-05-11
limit_list_2023-05-12.csv,18,29,2023-05-12
limit_list_2023-05-15.csv,19,39,2023-05-15
limit_list_2023-05-16.csv,8,39,2023-05-16
limit_list_2023-05-17.csv,19,32,2023-05-17
limit_list_2023-05-18.csv,23,20,2023-05-18
limit_list_2023-05-19.csv,17,27,2023-05-19
limit_list_2023-05-22.csv,24,29,2023-05-22
limit_list_2023-05-23.csv,33,14,2023-05-23
limit_list_2023-05-24.csv,31,26,2023-05-24
limit_list_2023-05-25.csv,18,36,2023-05-25
limit_list_2023-05-26.csv,30,28,2023-05-26
limit_list_2023-05-29.csv,24,36,2023-05-29
limit_list_2023-05-30.csv,17,34,2023-05-30
limit_list_2023-05-31.csv,34,20,2023-05-31
limit_list_2023-06-01.csv,31,27,2023-06-01
limit_list_2023-06-02.csv,45,14,2023-06-02
limit_list_2023-06-05.csv,48,10,2023-06-05
limit_list_2023-06-06.csv,38,12,2023-06-06
limit_list_2023-06-07.csv,54,11,2023-06-07
limit_list_2023-06-08.csv,34,19,2023-06-08
limit_list_2023-06-09.csv,40,15,2023-06-09
limit_list_2023-06-12.csv,39,24,2023-06-12
limit_list_2023-06-13.csv,29,7,2023-06-13
limit_list_2023-06-14.csv,38,5,2023-06-14
limit_list_2023-06-15.csv,24,9,2023-06-15
limit_list_2023-06-16.csv,46,1,2023-06-16
limit_list_2023-06-19.csv,33,4,2023-06-19
limit_list_2023-06-20.csv,20,15,2023-06-20
limit_list_2023-06-21.csv,32,17,2023-06-21
limit_list_2023-06-26.csv,38,22,2023-06-26
limit_list_2023-06-27.csv,51,8,2023-06-27
limit_list_2023-06-28.csv,37,14,2023-06-28
limit_list_2023-06-29.csv,46,5,2023-06-29
limit_list_2023-06-30.csv,42,4,2023-06-30
limit_list_2023-07-03.csv,39,7,2023-07-03
limit_list_2023-07-04.csv,38,4,2023-07-04
limit_list_2023-07-05.csv,29,6,2023-07-05
limit_list_2023-07-06.csv,27,7,2023-07-06
limit_list_2023-07-07.csv,14,9,2023-07-07
limit_list_2023-07-10.csv,30,7,2023-07-10
limit_list_2023-07-11.csv,30,6,2023-07-11
limit_list_2023-07-12.csv,21,15,2023-07-12
limit_list_2023-07-13.csv,28,17,2023-07-13
limit_list_2023-07-14.csv,27,7,2023-07-14
limit_list_2023-07-17.csv,25,13,2023-07-17
limit_list_2023-07-18.csv,29,2,2023-07-18
limit_list_2023-07-19.csv,18,3,2023-07-19
limit_list_2023-07-20.csv,19,2,2023-07-20
limit_list_2023-07-21.csv,31,12,2023-07-21
limit_list_2023-07-24.csv,22,12,2023-07-24
limit_list_2023-07-25.csv,44,1,2023-07-25
limit_list_2023-07-26.csv,39,4,2023-07-26
limit_list_2023-07-27.csv,27,11,2023-07-27
limit_list_2023-07-28.csv,28,4,2023-07-28
limit_list_2023-07-31.csv,48,2,2023-07-31
limit_list_2023-08-01.csv,36,3,2023-08-01
limit_list_2023-08-02.csv,32,2,2023-08-02
limit_list_2023-08-03.csv,20,6,2023-08-03
limit_list_2023-08-04.csv,19,2,2023-08-04
limit_list_2023-08-07.csv,20,12,2023-08-07
limit_list_2023-08-08.csv,24,5,2023-08-08
limit_list_2023-08-09.csv,18,1,2023-08-09
limit_list_2023-08-10.csv,28,4,2023-08-10
limit_list_2023-08-11.csv,19,6,2023-08-11
limit_list_2023-08-14.csv,27,7,2023-08-14
limit_list_2023-08-15.csv,30,4,2023-08-15
limit_list_2023-08-16.csv,31,6,2023-08-16
limit_list_2023-08-17.csv,32,6,2023-08-17
limit_list_2023-08-18.csv,26,14,2023-08-18
limit_list_2023-08-21.csv,24,10,2023-08-21
limit_list_2023-08-22.csv,26,30,2023-08-22
limit_list_2023-08-23.csv,14,17,2023-08-23
limit_list_2023-08-24.csv,21,20,2023-08-24
limit_list_2023-08-25.csv,18,35,2023-08-25
limit_list_2023-08-28.csv,79,6,2023-08-28
limit_list_2023-08-29.csv,34,6,2023-08-29
limit_list_2023-08-30.csv,28,5,2023-08-30
limit_list_2023-08-31.csv,24,7,2023-08-31
limit_list_2023-09-01.csv,29,3,2023-09-01
limit_list_2023-09-04.csv,38,2,2023-09-04
limit_list_2023-09-05.csv,19,5,2023-09-05
limit_list_2023-09-06.csv,20,6,2023-09-06
limit_list_2023-09-07.csv,16,6,2023-09-07
limit_list_2023-09-08.csv,30,7,2023-09-08
limit_list_2023-09-11.csv,27,11,2023-09-11
limit_list_2023-09-12.csv,16,2,2023-09-12
limit_list_2023-09-13.csv,24,2,2023-09-13
limit_list_2023-09-14.csv,29,5,2023-09-14
limit_list_2023-09-15.csv,37,1,2023-09-15
limit_list_2023-09-18.csv,26,8,2023-09-18
limit_list_2023-09-19.csv,25,3,2023-09-19
limit_list_2023-09-20.csv,32,10,2023-09-20
limit_list_2023-09-21.csv,25,3,2023-09-21
limit_list_2023-09-22.csv,27,12,2023-09-22
limit_list_2023-09-25.csv,24,20,2023-09-25
limit_list_2023-09-26.csv,19,13,2023-09-26
limit_list_2023-09-27.csv,29,10,2023-09-27
limit_list_2023-09-28.csv,30,12,2023-09-28
limit_list_2023-10-09.csv,35,23,2023-10-09
limit_list_2023-10-10.csv,36,11,2023-10-10
limit_list_2023-10-11.csv,25,14,2023-10-11
limit_list_2023-10-12.csv,33,7,2023-10-12
limit_list_2023-10-13.csv,21,5,2023-10-13
limit_list_2023-10-16.csv,42,13,2023-10-16
limit_list_2023-10-17.csv,29,15,2023-10-17
limit_list_2023-10-18.csv,21,38,2023-10-18
limit_list_2023-10-19.csv,26,33,2023-10-19
limit_list_2023-10-20.csv,31,21,2023-10-20
limit_list_2023-10-23.csv,27,32,2023-10-23
limit_list_2023-10-24.csv,46,12,2023-10-24
limit_list_2023-10-25.csv,44,8,2023-10-25
limit_list_2023-10-26.csv,30,10,2023-10-26
limit_list_2023-10-27.csv,38,8,2023-10-27
limit_list_2023-10-30.csv,47,13,2023-10-30
limit_list_2023-10-31.csv,40,12,2023-10-31
limit_list_2023-11-01.csv,34,9,2023-11-01
limit_list_2023-11-02.csv,26,10,2023-11-02
limit_list_2023-11-03.csv,30,1,2023-11-03
limit_list_2023-11-06.csv,35,3,2023-11-06
limit_list_2023-11-07.csv,37,0,2023-11-07
limit_list_2023-11-08.csv,40,5,2023-11-08
limit_list_2023-11-09.csv,30,12,2023-11-09
limit_list_2023-11-10.csv,30,13,2023-11-10
limit_list_2023-11-13.csv,26,13,2023-11-13
limit_list_2023-11-14.csv,31,3,2023-11-14
limit_list_2023-11-15.csv,40,4,2023-11-15
limit_list_2023-11-16.csv,24,5,2023-11-16
limit_list_2023-11-17.csv,36,7,2023-11-17
limit_list_2023-11-20.csv,50,8,2023-11-20
limit_list_2023-11-21.csv,42,6,2023-11-21
limit_list_2023-11-22.csv,38,5,2023-11-22
limit_list_2023-11-23.csv,37,15,2023-11-23
limit_list_2023-11-24.csv,29,11,2023-11-24
limit_list_2023-11-27.csv,27,18,2023-11-27
limit_list_2023-11-28.csv,28,12,2023-11-28
limit_list_2023-11-29.csv,26,7,2023-11-29
limit_list_2023-11-30.csv,29,16,2023-11-30
limit_list_2023-12-01.csv,33,6,2023-12-01
limit_list_2023-12-04.csv,42,9,2023-12-04
limit_list_2023-12-05.csv,25,11,2023-12-05
limit_list_2023-12-06.csv,36,11,2023-12-06
limit_list_2023-12-07.csv,29,16,2023-12-07
limit_list_2023-12-08.csv,18,20,2023-12-08
limit_list_2023-12-11.csv,27,20,2023-12-11
limit_list_2023-12-12.csv,36,5,2023-12-12
limit_list_2023-12-13.csv,31,7,2023-12-13
limit_list_2023-12-14.csv,36,14,2023-12-14
limit_list_2023-12-15.csv,38,11,2023-12-15
limit_list_2023-12-18.csv,31,33,2023-12-18
limit_list_2023-12-19.csv,30,21,2023-12-19
limit_list_2023-12-20.csv,25,13,2023-12-20
limit_list_2023-12-21.csv,35,15,2023-12-21
limit_list_2023-12-22.csv,20,42,2023-12-22
limit_list_2023-12-25.csv,27,30,2023-12-25
limit_list_2023-12-26.csv,25,17,2023-12-26
limit_list_2023-12-27.csv,32,21,2023-12-27
limit_list_2023-12-28.csv,44,12,2023-12-28
limit_list_2023-12-29.csv,41,6,2023-12-29
limit_list_2024-01-02.csv,40,4,2024-01-02
limit_list_2024-01-03.csv,30,9,2024-01-03
limit_list_2024-01-04.csv,32,6,2024-01-04
limit_list_2024-01-05.csv,33,20,2024-01-05
limit_list_2024-01-08.csv,21,28,2024-01-08
limit_list_2024-01-09.csv,31,14,2024-01-09
limit_list_2024-01-10.csv,32,14,2024-01-10
limit_list_2024-01-11.csv,40,10,2024-01-11
limit_list_2024-01-12.csv,30,8,2024-01-12
limit_list_2024-01-15.csv,37,6,2024-01-15
limit_list_2024-01-16.csv,28,14,2024-01-16
limit_list_2024-01-17.csv,27,24,2024-01-17
limit_list_2024-01-18.csv,27,36,2024-01-18
limit_list_2024-01-19.csv,31,23,2024-01-19
limit_list_2024-01-22.csv,22,97,2024-01-22
limit_list_2024-01-23.csv,27,33,2024-01-23
limit_list_2024-01-24.csv,55,7,2024-01-24
limit_list_2024-01-25.csv,56,9,2024-01-25
limit_list_2024-01-26.csv,46,7,2024-01-26
limit_list_2024-01-29.csv,29,50,2024-01-29
limit_list_2024-01-30.csv,18,61,2024-01-30
limit_list_2024-01-31.csv,22,122,2024-01-31
limit_list_2024-02-01.csv,23,79,2024-02-01
limit_list_2024-02-02.csv,28,264,2024-02-02
limit_list_2024-02-05.csv,13,821,2024-02-05
limit_list_2024-02-06.csv,79,478,2024-02-06
limit_list_2024-02-07.csv,69,288,2024-02-07
limit_list_2024-02-08.csv,309,135,2024-02-08
limit_list_2024-02-19.csv,172,8,2024-02-19
limit_list_2024-02-20.csv,91,4,2024-02-20
limit_list_2024-02-21.csv,137,2,2024-02-21
limit_list_2024-02-22.csv,68,5,2024-02-22
limit_list_2024-02-23.csv,83,1,2024-02-23
limit_list_2024-02-26.csv,96,5,2024-02-26
limit_list_2024-02-27.csv,67,8,2024-02-27
limit_list_2024-02-28.csv,54,267,2024-02-28
limit_list_2024-02-29.csv,62,19,2024-02-29
limit_list_2024-03-01.csv,61,15,2024-03-01
limit_list_2024-03-04.csv,55,28,2024-03-04
limit_list_2024-03-05.csv,53,20,2024-03-05
limit_list_2024-03-06.csv,64,5,2024-03-06
limit_list_2024-03-07.csv,53,11,2024-03-07
limit_list_2024-03-08.csv,55,10,2024-03-08
limit_list_2024-03-11.csv,69,3,2024-03-11
limit_list_2024-03-12.csv,56,3,2024-03-12
limit_list_2024-03-13.csv,43,3,2024-03-13
limit_list_2024-03-14.csv,53,8,2024-03-14
limit_list_2024-03-15.csv,59,2,2024-03-15
limit_list_2024-03-18.csv,67,8,2024-03-18
limit_list_2024-03-19.csv,44,6,2024-03-19
limit_list_2024-03-20.csv,55,3,2024-03-20
limit_list_2024-03-21.csv,48,10,2024-03-21
limit_list_2024-03-22.csv,43,16,2024-03-22
limit_list_2024-03-25.csv,40,41,2024-03-25
limit_list_2024-03-26.csv,42,27,2024-03-26
limit_list_2024-03-27.csv,44,46,2024-03-27
limit_list_2024-03-28.csv,58,14,2024-03-28
limit_list_2024-03-29.csv,48,10,2024-03-29
limit_list_2024-04-01.csv,55,12,2024-04-01
limit_list_2024-04-02.csv,51,9,2024-04-02
limit_list_2024-04-03.csv,34,17,2024-04-03
limit_list_2024-04-08.csv,47,40,2024-04-08
limit_list_2024-04-09.csv,46,18,2024-04-09
limit_list_2024-04-10.csv,28,51,2024-04-10
limit_list_2024-04-11.csv,28,16,2024-04-11
limit_list_2024-04-12.csv,46,18,2024-04-12
limit_list_2024-04-15.csv,18,319,2024-04-15
limit_list_2024-04-16.csv,6,500,2024-04-16
limit_list_2024-04-17.csv,132,58,2024-04-17
limit_list_2024-04-18.csv,37,36,2024-04-18
limit_list_2024-04-19.csv,39,44,2024-04-19
limit_list_2024-04-22.csv,33,53,2024-04-22
limit_list_2024-04-23.csv,50,35,2024-04-23
limit_list_2024-04-24.csv,51,26,2024-04-24
limit_list_2024-04-25.csv,47,16,2024-04-25
limit_list_2024-04-26.csv,56,28,2024-04-26
limit_list_2024-04-29.csv,106,19,2024-04-29
limit_list_2024-04-30.csv,60,35,2024-04-30
limit_list_2024-05-06.csv,67,69,2024-05-06
limit_list_2024-05-07.csv,48,56,2024-05-07
limit_list_2024-05-08.csv,51,51,2024-05-08
limit_list_2024-05-09.csv,46,51,2024-05-09
limit_list_2024-05-10.csv,35,71,2024-05-10
limit_list_2024-05-13.csv,31,85,2024-05-13
limit_list_2024-05-14.csv,65,43,2024-05-14
limit_list_2024-05-15.csv,63,30,2024-05-15
limit_list_2024-05-16.csv,60,31,2024-05-16
limit_list_2024-05-17.csv,70,25,2024-05-17
limit_list_2024-05-20.csv,50,54,2024-05-20
limit_list_2024-05-21.csv,33,56,2024-05-21
limit_list_2024-05-22.csv,46,39,2024-05-22
limit_list_2024-05-23.csv,30,44,2024-05-23
limit_list_2024-05-24.csv,48,43,2024-05-24
limit_list_2024-05-27.csv,35,64,2024-05-27
limit_list_2024-05-28.csv,31,59,2024-05-28
limit_list_2024-05-29.csv,36,65,2024-05-29
limit_list_2024-05-30.csv,36,70,2024-05-30
limit_list_2024-05-31.csv,42,47,2024-05-31
limit_list_2024-06-03.csv,25,97,2024-06-03
limit_list_2024-06-04.csv,31,88,2024-06-04
limit_list_2024-06-05.csv,39,62,2024-06-05
limit_list_2024-06-06.csv,15,188,2024-06-06
limit_list_2024-06-07.csv,76,62,2024-06-07
limit_list_2024-06-11.csv,45,59,2024-06-11
limit_list_2024-06-12.csv,84,25,2024-06-12
limit_list_2024-06-13.csv,54,30,2024-06-13
limit_list_2024-06-14.csv,51,21,2024-06-14
limit_list_2024-06-17.csv,55,27,2024-06-17
limit_list_2024-06-18.csv,61,18,2024-06-18
limit_list_2024-06-19.csv,62,19,2024-06-19
limit_list_2024-06-20.csv,44,68,2024-06-20
limit_list_2024-06-21.csv,41,52,2024-06-21
limit_list_2024-06-24.csv,36,87,2024-06-24
limit_list_2024-06-25.csv,55,67,2024-06-25
limit_list_2024-06-26.csv,57,58,2024-06-26
limit_list_2024-06-27.csv,55,33,2024-06-27
limit_list_2024-06-28.csv,57,31,2024-06-28
limit_list_2024-07-01.csv,68,33,2024-07-01
limit_list_2024-07-02.csv,89,11,2024-07-02
limit_list_2024-07-03.csv,74,8,2024-07-03
limit_list_2024-07-04.csv,34,43,2024-07-04
limit_list_2024-07-05.csv,47,10,2024-07-05
limit_list_2024-07-08.csv,37,53,2024-07-08
limit_list_2024-07-09.csv,46,56,2024-07-09
limit_list_2024-07-10.csv,52,60,2024-07-10
limit_list_2024-07-11.csv,109,11,2024-07-11
limit_list_2024-07-12.csv,66,15,2024-07-12
limit_list_2024-07-15.csv,49,26,2024-07-15
limit_list_2024-07-16.csv,67,13,2024-07-16
limit_list_2024-07-17.csv,55,20,2024-07-17
limit_list_2024-07-18.csv,57,29,2024-07-18
limit_list_2024-07-19.csv,67,13,2024-07-19
limit_list_2024-07-22.csv,66,16,2024-07-22
limit_list_2024-07-23.csv,79,9,2024-07-23
limit_list_2024-07-24.csv,50,45,2024-07-24
limit_list_2024-07-25.csv,60,28,2024-07-25
limit_list_2024-07-26.csv,66,23,2024-07-26
limit_list_2024-07-29.csv,64,9,2024-07-29
limit_list_2024-07-30.csv,81,9,2024-07-30
limit_list_2024-07-31.csv,107,14,2024-07-31
limit_list_2024-08-01.csv,83,11,2024-08-01
limit_list_2024-08-02.csv,75,13,2024-08-02
limit_list_2024-08-05.csv,66,52,2024-08-05
limit_list_2024-08-06.csv,75,27,2024-08-06
limit_list_2024-08-07.csv,74,25,2024-08-07
limit_list_2024-08-08.csv,84,24,2024-08-08
limit_list_2024-08-09.csv,59,27,2024-08-09
limit_list_2024-08-12.csv,50,67,2024-08-12
limit_list_2024-08-13.csv,48,25,2024-08-13
limit_list_2024-08-14.csv,57,9,2024-08-14
limit_list_2024-08-15.csv,48,17,2024-08-15
limit_list_2024-08-16.csv,38,18,2024-08-16
limit_list_2024-08-19.csv,46,23,2024-08-19
limit_list_2024-08-20.csv,42,21,2024-08-20
limit_list_2024-08-21.csv,59,20,2024-08-21
limit_list_2024-08-22.csv,53,13,2024-08-22
limit_list_2024-08-23.csv,52,33,2024-08-23
limit_list_2024-08-26.csv,65,20,2024-08-26
limit_list_2024-08-27.csv,68,17,2024-08-27
limit_list_2024-08-28.csv,81,17,2024-08-28
limit_list_2024-08-29.csv,70,12,2024-08-29
limit_list_2024-08-30.csv,117,2,2024-08-30
limit_list_2024-09-02.csv,69,13,2024-09-02
limit_list_2024-09-03.csv,88,10,2024-09-03
limit_list_2024-09-04.csv,57,36,2024-09-04
limit_list_2024-09-05.csv,70,21,2024-09-05
limit_list_2024-09-06.csv,69,9,2024-09-06
limit_list_2024-09-09.csv,72,33,2024-09-09
limit_list_2024-09-10.csv,60,35,2024-09-10
limit_list_2024-09-11.csv,42,40,2024-09-11
limit_list_2024-09-12.csv,59,14,2024-09-12
limit_list_2024-09-13.csv,60,33,2024-09-13
limit_list_2024-09-18.csv,36,53,2024-09-18
limit_list_2024-09-19.csv,92,14,2024-09-19
limit_list_2024-09-20.csv,64,11,2024-09-20
limit_list_2024-09-23.csv,73,22,2024-09-23
limit_list_2024-09-24.csv,116,20,2024-09-24
limit_list_2024-09-25.csv,131,10,2024-09-25
limit_list_2024-09-26.csv,152,7,2024-09-26
limit_list_2024-09-27.csv,191,7,2024-09-27
limit_list_2024-09-30.csv,871,13,2024-09-30
limit_list_2024-10-08.csv,1735,13,2024-10-08
limit_list_2024-10-09.csv,62,987,2024-10-09
limit_list_2024-10-10.csv,121,82,2024-10-10
limit_list_2024-10-11.csv,64,65,2024-10-11
limit_list_2024-10-14.csv,104,20,2024-10-14
limit_list_2024-10-15.csv,80,7,2024-10-15
limit_list_2024-10-16.csv,103,8,2024-10-16
limit_list_2024-10-17.csv,84,17,2024-10-17
limit_list_2024-10-18.csv,145,4,2024-10-18
limit_list_2024-10-21.csv,155,9,2024-10-21
limit_list_2024-10-22.csv,157,2,2024-10-22
limit_list_2024-10-23.csv,166,5,2024-10-23
limit_list_2024-10-24.csv,160,10,2024-10-24
limit_list_2024-10-25.csv,207,1,2024-10-25
limit_list_2024-10-28.csv,290,5,2024-10-28
limit_list_2024-10-29.csv,217,30,2024-10-29
limit_list_2024-10-30.csv,205,26,2024-10-30
limit_list_2024-10-31.csv,280,24,2024-10-31
limit_list_2024-11-01.csv,165,196,2024-11-01
limit_list_2024-11-04.csv,189,83,2024-11-04
limit_list_2024-11-05.csv,234,8,2024-11-05
limit_list_2024-11-06.csv,225,13,2024-11-06
limit_list_2024-11-07.csv,254,20,2024-11-07
limit_list_2024-11-08.csv,200,15,2024-11-08
limit_list_2024-11-11.csv,221,28,2024-11-11
limit_list_2024-11-12.csv,177,31,2024-11-12
limit_list_2024-11-13.csv,112,56,2024-11-13
limit_list_2024-11-14.csv,107,37,2024-11-14
limit_list_2024-11-15.csv,89,77,2024-11-15
limit_list_2024-11-18.csv,125,130,2024-11-18
limit_list_2024-11-19.csv,124,69,2024-11-19
limit_list_2024-11-20.csv,185,9,2024-11-20
limit_list_2024-11-21.csv,153,19,2024-11-21
limit_list_2024-11-22.csv,147,35,2024-11-22
limit_list_2024-11-25.csv,181,52,2024-11-25
limit_list_2024-11-26.csv,159,71,2024-11-26
limit_list_2024-11-27.csv,110,77,2024-11-27
limit_list_2024-11-28.csv,161,13,2024-11-28
limit_list_2024-11-29.csv,149,19,2024-11-29
limit_list_2024-12-02.csv,221,13,2024-12-02
limit_list_2024-12-03.csv,171,10,2024-12-03
limit_list_2024-12-04.csv,141,38,2024-12-04
limit_list_2024-12-05.csv,159,22,2024-12-05
limit_list_2024-12-06.csv,182,12,2024-12-06
limit_list_2024-12-09.csv,156,38,2024-12-09
limit_list_2024-12-10.csv,172,18,2024-12-10
limit_list_2024-12-11.csv,169,18,2024-12-11
limit_list_2024-12-12.csv,185,12,2024-12-12
limit_list_2024-12-13.csv,139,28,2024-12-13
limit_list_2024-12-16.csv,186,45,2024-12-16
limit_list_2024-12-17.csv,72,209,2024-12-17
limit_list_2024-12-18.csv,124,57,2024-12-18
limit_list_2024-12-19.csv,98,48,2024-12-19
limit_list_2024-12-20.csv,115,23,2024-12-20
limit_list_2024-12-23.csv,53,254,2024-12-23
limit_list_2024-12-24.csv,102,78,2024-12-24
limit_list_2024-12-25.csv,57,98,2024-12-25
limit_list_2024-12-26.csv,124,32,2024-12-26
limit_list_2024-12-27.csv,107,25,2024-12-27
limit_list_2024-12-30.csv,80,48,2024-12-30
limit_list_2024-12-31.csv,77,42,2024-12-31
limit_list_2025-01-02.csv,109,58,2025-01-02
limit_list_2025-01-03.csv,74,153,2025-01-03
limit_list_2025-01-06.csv,87,125,2025-01-06
limit_list_2025-01-07.csv,113,46,2025-01-07
limit_list_2025-01-08.csv,95,27,2025-01-08
limit_list_2025-01-09.csv,115,18,2025-01-09
limit_list_2025-01-10.csv,85,75,2025-01-10
limit_list_2025-01-13.csv,74,64,2025-01-13
limit_list_2025-01-14.csv,171,9,2025-01-14
limit_list_2025-01-15.csv,106,20,2025-01-15
limit_list_2025-01-16.csv,120,9,2025-01-16
limit_list_2025-01-17.csv,80,19,2025-01-17
limit_list_2025-01-20.csv,111,34,2025-01-20
limit_list_2025-01-21.csv,80,38,2025-01-21
limit_list_2025-01-22.csv,64,36,2025-01-22
limit_list_2025-01-23.csv,81,34,2025-01-23
limit_list_2025-01-24.csv,77,46,2025-01-24
limit_list_2025-01-27.csv,78,63,2025-01-27
limit_list_2025-02-05.csv,96,59,2025-02-05
limit_list_2025-02-06.csv,115,14,2025-02-06
limit_list_2025-02-07.csv,124,4,2025-02-07
limit_list_2025-02-10.csv,137,7,2025-02-10
limit_list_2025-02-11.csv,104,4,2025-02-11
limit_list_2025-02-12.csv,108,7,2025-02-12
limit_list_2025-02-13.csv,102,12,2025-02-13
limit_list_2025-02-14.csv,97,22,2025-02-14
limit_list_2025-02-17.csv,156,20,2025-02-17
limit_list_2025-02-18.csv,85,38,2025-02-18
limit_list_2025-02-19.csv,121,14,2025-02-19
limit_list_2025-02-20.csv,119,3,2025-02-20
limit_list_2025-02-21.csv,120,12,2025-02-21
limit_list_2025-02-24.csv,111,30,2025-02-24
limit_list_2025-02-25.csv,93,20,2025-02-25
limit_list_2025-02-26.csv,146,8,2025-02-26
limit_list_2025-02-27.csv,98,24,2025-02-27
limit_list_2025-02-28.csv,75,73,2025-02-28
limit_list_2025-03-03.csv,107,50,2025-03-03
limit_list_2025-03-04.csv,95,26,2025-03-04
limit_list_2025-03-05.csv,87,13,2025-03-05
limit_list_2025-03-06.csv,121,8,2025-03-06
limit_list_2025-03-07.csv,102,16,2025-03-07
limit_list_2025-03-10.csv,101,18,2025-03-10
limit_list_2025-03-11.csv,78,11,2025-03-11
limit_list_2025-03-12.csv,137,6,2025-03-12
limit_list_2025-03-13.csv,69,32,2025-03-13
limit_list_2025-03-14.csv,104,20,2025-03-14
limit_list_2025-03-17.csv,103,16,2025-03-17
limit_list_2025-03-18.csv,91,13,2025-03-18
limit_list_2025-03-19.csv,79,19,2025-03-19
limit_list_2025-03-20.csv,108,10,2025-03-20
limit_list_2025-03-21.csv,78,40,2025-03-21
limit_list_2025-03-24.csv,75,121,2025-03-24
limit_list_2025-03-25.csv,90,65,2025-03-25
limit_list_2025-03-26.csv,106,28,2025-03-26
limit_list_2025-03-27.csv,82,41,2025-03-27
limit_list_2025-03-28.csv,62,42,2025-03-28
limit_list_2025-03-31.csv,50,65,2025-03-31
limit_list_2025-04-01.csv,86,27,2025-04-01
limit_list_2025-04-02.csv,65,25,2025-04-02
limit_list_2025-04-03.csv,68,39,2025-04-03
limit_list_2025-04-07.csv,34,2485,2025-04-07
limit_list_2025-04-08.csv,127,481,2025-04-08
limit_list_2025-04-09.csv,124,362,2025-04-09
limit_list_2025-04-10.csv,207,9,2025-04-10
limit_list_2025-04-11.csv,119,14,2025-04-11
limit_list_2025-04-14.csv,147,10,2025-04-14
limit_list_2025-04-15.csv,96,16,2025-04-15
limit_list_2025-04-16.csv,67,28,2025-04-16
limit_list_2025-04-17.csv,108,17,2025-04-17
limit_list_2025-04-18.csv,86,32,2025-04-18
limit_list_2025-04-21.csv,129,21,2025-04-21
limit_list_2025-04-22.csv,112,28,2025-04-22
limit_list_2025-04-23.csv,96,34,2025-04-23
limit_list_2025-04-24.csv,88,38,2025-04-24
limit_list_2025-04-25.csv,107,41,2025-04-25
limit_list_2025-04-28.csv,72,85,2025-04-28
limit_list_2025-04-29.csv,95,75,2025-04-29
limit_list_2025-04-30.csv,134,53,2025-04-30
limit_list_2025-05-06.csv,160,38,2025-05-06
limit_list_2025-05-07.csv,151,23,2025-05-07
limit_list_2025-05-08.csv,119,25,2025-05-08
limit_list_2025-05-09.csv,101,16,2025-05-09
limit_list_2025-05-12.csv,112,12,2025-05-12
limit_list_2025-05-13.csv,114,20,2025-05-13
limit_list_2025-05-14.csv,108,20,2025-05-14
limit_list_2025-05-15.csv,62,8,2025-05-15
limit_list_2025-05-16.csv,54,20,2025-05-16
limit_list_2025-05-19.csv,95,2,2025-05-19
limit_list_2025-05-20.csv,90,11,2025-05-20
limit_list_2025-05-21.csv,54,7,2025-05-21
limit_list_2025-05-22.csv,54,13,2025-05-22
limit_list_2025-05-23.csv,47,21,2025-05-23
limit_list_2025-05-26.csv,72,7,2025-05-26
limit_list_2025-05-27.csv,61,3,2025-05-27
limit_list_2025-05-28.csv,69,10,2025-05-28
limit_list_2025-05-29.csv,76,16,2025-05-29
limit_list_2025-05-30.csv,47,24,2025-05-30
limit_list_2025-06-03.csv,61,17,2025-06-03
limit_list_2025-06-04.csv,69,5,2025-06-04
limit_list_2025-06-05.csv,66,16,2025-06-05
limit_list_2025-06-06.csv,62,6,2025-06-06
limit_list_2025-06-09.csv,71,3,2025-06-09
limit_list_2025-06-10.csv,56,10,2025-06-10
limit_list_2025-06-11.csv,57,7,2025-06-11
limit_list_2025-06-12.csv,51,6,2025-06-12
limit_list_2025-06-13.csv,47,29,2025-06-13
limit_list_2025-06-16.csv,62,9,2025-06-16
limit_list_2025-06-17.csv,60,9,2025-06-17
limit_list_2025-06-18.csv,51,18,2025-06-18
limit_list_2025-06-19.csv,40,26,2025-06-19
limit_list_2025-06-20.csv,44,22,2025-06-20
limit_list_2025-06-23.csv,70,10,2025-06-23
limit_list_2025-06-24.csv,63,16,2025-06-24
limit_list_2025-06-25.csv,64,9,2025-06-25
limit_list_2025-06-26.csv,68,8,2025-06-26
limit_list_2025-06-27.csv,57,11,2025-06-27
limit_list_2025-06-30.csv,65,5,2025-06-30
limit_list_2025-07-01.csv,73,5,2025-07-01
limit_list_2025-07-02.csv,66,9,2025-07-02
limit_list_2025-07-03.csv,60,7,2025-07-03
limit_list_2025-07-04.csv,47,15,2025-07-04
limit_list_2025-07-07.csv,63,10,2025-07-07
limit_list_2025-07-08.csv,67,7,2025-07-08
limit_list_2025-07-09.csv,62,6,2025-07-09
limit_list_2025-07-10.csv,72,12,2025-07-10
limit_list_2025-07-11.csv,66,11,2025-07-11
limit_list_2025-07-14.csv,56,20,2025-07-14
limit_list_2025-07-15.csv,45,41,2025-07-15
limit_list_2025-07-16.csv,65,13,2025-07-16
limit_list_2025-07-17.csv,69,7,2025-07-17
limit_list_2025-07-18.csv,52,6,2025-07-18
limit_list_2025-07-21.csv,102,6,2025-07-21
limit_list_2025-07-22.csv,82,10,2025-07-22
limit_list_2025-07-23.csv,74,18,2025-07-23
limit_list_2025-07-24.csv,71,8,2025-07-24
limit_list_2025-07-25.csv,58,11,2025-07-25
limit_list_2025-07-28.csv,62,11,2025-07-28
limit_list_2025-07-29.csv,47,11,2025-07-29
limit_list_2025-07-30.csv,57,11,2025-07-30
limit_list_2025-07-31.csv,47,15,2025-07-31
limit_list_2025-08-01.csv,53,13,2025-08-01
limit_list_2025-08-04.csv,54,9,2025-08-04
limit_list_2025-08-05.csv,58,3,2025-08-05
limit_list_2025-08-06.csv,65,6,2025-08-06
limit_list_2025-08-07.csv,64,7,2025-08-07
limit_list_2025-08-08.csv,74,3,2025-08-08
limit_list_2025-08-11.csv,91,11,2025-08-11
limit_list_2025-08-12.csv,71,8,2025-08-12
limit_list_2025-08-13.csv,86,5,2025-08-13
limit_list_2025-08-14.csv,68,17,2025-08-14
limit_list_2025-08-15.csv,89,6,2025-08-15
limit_list_2025-08-18.csv,105,5,2025-08-18
limit_list_2025-08-19.csv,106,10,2025-08-19
limit_list_2025-08-20.csv,89,22,2025-08-20
limit_list_2025-08-21.csv,64,18,2025-08-21
limit_list_2025-08-22.csv,66,5,2025-08-22
limit_list_2025-08-25.csv,89,13,2025-08-25
limit_list_2025-08-26.csv,93,8,2025-08-26
limit_list_2025-08-27.csv,76,18,2025-08-27
limit_list_2025-08-28.csv,67,24,2025-08-28
limit_list_2025-08-29.csv,75,18,2025-08-29
limit_list_2025-09-01.csv,111,11,2025-09-01
limit_list_2025-09-02.csv,78,34,2025-09-02
limit_list_2025-09-03.csv,66,33,2025-09-03
limit_list_2025-09-04.csv,57,62,2025-09-04
limit_list_2025-09-05.csv,84,23,2025-09-05
limit_list_2025-09-08.csv,83,8,2025-09-08
limit_list_2025-09-09.csv,78,6,2025-09-09
limit_list_2025-09-10.csv,73,7,2025-09-10
limit_list_2025-09-11.csv,77,10,2025-09-11
limit_list_2025-09-12.csv,74,11,2025-09-12
limit_list_2025-09-15.csv,84,14,2025-09-15
limit_list_2025-09-16.csv,90,8,2025-09-16
limit_list_2025-09-17.csv,85,5,2025-09-17
limit_list_2025-09-18.csv,88,11,2025-09-18
limit_list_2025-09-19.csv,65,26,2025-09-19
limit_list_2025-09-22.csv,68,32,2025-09-22
limit_list_2025-09-23.csv,54,52,2025-09-23
limit_list_2025-09-24.csv,96,18,2025-09-24
limit_list_2025-09-25.csv,57,12,2025-09-25
limit_list_2025-09-26.csv,63,21,2025-09-26
limit_list_2025-09-29.csv,67,12,2025-09-29
limit_list_2025-09-30.csv,71,11,2025-09-30
limit_list_2025-10-09.csv,93,30,2025-10-09
limit_list_2025-10-10.csv,77,27,2025-10-10
limit_list_2025-10-13.csv,67,37,2025-10-13
limit_list_2025-10-14.csv,77,14,2025-10-14
limit_list_2025-10-15.csv,67,15,2025-10-15
limit_list_2025-10-16.csv,63,9,2025-10-16
limit_list_2025-10-17.csv,51,27,2025-10-17
limit_list_2025-10-20.csv,93,7,2025-10-20
limit_list_2025-10-21.csv,91,6,2025-10-21
limit_list_2025-10-22.csv,78,10,2025-10-22
limit_list_2025-10-23.csv,70,16,2025-10-23
limit_list_2025-10-24.csv,72,18,2025-10-24
limit_list_2025-10-27.csv,85,20,2025-10-27
limit_list_2025-10-28.csv,81,13,2025-10-28
limit_list_2025-10-29.csv,75,14,2025-10-29
limit_list_2025-10-30.csv,62,16,2025-10-30
limit_list_2025-10-31.csv,92,20,2025-10-31
limit_list_2025-11-03.csv,103,17,2025-11-03
limit_list_2025-11-04.csv,79,10,2025-11-04
limit_list_2025-11-05.csv,101,7,2025-11-05
limit_list_2025-11-06.csv,92,23,2025-11-06
limit_list_2025-11-07.csv,74,10,2025-11-07
limit_list_2025-11-10.csv,116,17,2025-11-10
limit_list_2025-11-11.csv,92,7,2025-11-11
limit_list_2025-11-12.csv,84,19,2025-11-12
limit_list_2025-11-13.csv,112,11,2025-11-13
limit_list_2025-11-14.csv,105,17,2025-11-14
limit_list_2025-11-17.csv,99,21,2025-11-17
limit_list_2025-11-18.csv,75,44,2025-11-18
limit_list_2025-11-19.csv,72,37,2025-11-19
limit_list_2025-11-20.csv,76,31,2025-11-20
limit_list_2025-11-21.csv,44,115,2025-11-21
limit_list_2025-11-24.csv,79,49,2025-11-24
limit_list_2025-11-25.csv,88,10,2025-11-25
limit_list_2025-11-26.csv,91,13,2025-11-26
limit_list_2025-11-27.csv,71,15,2025-11-27
limit_list_2025-11-28.csv,88,12,2025-11-28
limit_list_2025-12-01.csv,75,9,2025-12-01
limit_list_2025-12-02.csv,69,7,2025-12-02
limit_list_2025-12-03.csv,68,24,2025-12-03
limit_list_2025-12-04.csv,57,32,2025-12-04
limit_list_2025-12-05.csv,79,18,2025-12-05
limit_list_2025-12-08.csv,82,17,2025-12-08
limit_list_2025-12-09.csv,63,18,2025-12-09
limit_list_2025-12-10.csv,80,14,2025-12-10
limit_list_2025-12-11.csv,57,37,2025-12-11
limit_list_2025-12-12.csv,78,31,2025-12-12
limit_list_2025-12-15.csv,84,28,2025-12-15
limit_list_2025-12-16.csv,56,45,2025-12-16
limit_list_2025-12-17.csv,58,41,2025-12-17
limit_list_2025-12-18.csv,78,13,2025-12-18
limit_list_2025-12-19.csv,92,10,2025-12-19
limit_list_2025-12-22.csv,114,12,2025-12-22
limit_list_2025-12-23.csv,70,26,2025-12-23
limit_list_2025-12-24.csv,80,12,2025-12-24
limit_list_2025-12-25.csv,92,6,2025-12-25
limit_list_2025-12-26.csv,93,4,2025-12-26
limit_list_2025-12-29.csv,94,27,2025-12-29
limit_list_2025-12-30.csv,80,25,2025-12-30
limit_list_2025-12-31.csv,63,18,2025-12-31
limit_list_2026-01-05.csv,106,20,2026-01-05
limit_list_2026-01-06.csv,124,8,2026-01-06
limit_list_2026-01-07.csv,112,6,2026-01-07
limit_list_2026-01-08.csv,118,8,2026-01-08
limit_list_2026-01-09.csv,120,9,2026-01-09
limit_list_2026-01-12.csv,180,9,2026-01-12
limit_list_2026-01-13.csv,99,65,2026-01-13
limit_list_2026-01-14.csv,131,27,2026-01-14
limit_list_2026-01-15.csv,70,67,2026-01-15
limit_list_2026-01-16.csv,90,58,2026-01-16
limit_list_2026-01-19.csv,110,52,2026-01-19
limit_list_2026-01-20.csv,83,34,2026-01-20
limit_list_2026-01-21.csv,109,23,2026-01-21
limit_list_2026-01-22.csv,107,9,2026-01-22
limit_list_2026-01-23.csv,120,9,2026-01-23
limit_list_2026-01-26.csv,65,37,2026-01-26
limit_list_2026-01-27.csv,70,40,2026-01-27
